,Groom fullname,Groom birth date,Bride fullname,Bride birth date,Wedding date,Registry office number
0,Винокуров Степан Николаевич,16-09-1986,Алексеева Ульяна Тимофеевна,20-10-1984,12-04-2023,52
1,Гусев Станислав Викторович,24-11-1981,Назарова Ульяна Арсеновна,15-09-1990,29-08-2023,614
2,Дубинин Мирон Егорович,09-12-1996,Козлова Мария Алексеевна,03-07-1989,23-10-2019,569
3,Шестаков Константин Степанович,15-03-1980,Михайлова София Алексеевна,19-09-1994,25-03-2019,181
4,Осипов Дмитрий Платонович,15-02-1996,Дубова Ксения Алексеевна,10-09-1994,05-03-2019,85
5,Иванов Даниил Сергеевич,15-07-1989,Куликова Дарья Георгиевна,25-03-1980,02-05-2022,288
6,Хромов Кирилл Александрович,23-09-1998,Козлова Мария Алексеевна,22-05-1991,19-04-2022,855
7,Воронин Савелий Иванович,25-01-1991,Суворова Стефания Артёмовна,08-02-1982,01-05-2022,521
8,Васильев Павел Артёмович,05-10-1991,Смирнова Дарья Леонидовна,18-10-1985,03-02-2022,752
9,Воробьев Савва Павлович,15-04-1982,Толкачева Софья Ивановна,13-05-1995,24-03-2021,952
10,Королев Владимир Даниилович,16-12-1985,Смирнова Дарья Леонидовна,30-03-1981,28-05-2020,535
11,Симонов Савва Дмитриевич,05-12-1981,Дубова Ксения Алексеевна,04-03-1995,26-02-2021,169
12,Кононов Виктор Максимович,29-12-1996,Дементьева Екатерина Никитична,20-08-1988,29-05-2022,797
13,Егоров Максим Даниилович,24-05-1985,Антипова София Игоревна,08-01-1993,17-11-2019,256
14,Лебедев Тимур Максимович,07-03-1988,Петровская Амира Тимофеевна,18-06-1993,14-06-2021,904
15,Иванов Иван Макарович,19-10-1995,Антипова София Игоревна,21-03-1994,16-08-2023,710
16,Белоусов Фёдор Даниилович,01-10-1987,Смирнова Варвара Борисовна,11-02-1990,21-07-2020,64
17,Белоусов Фёдор Даниилович,05-09-1985,Алексеева Арина Матвеевна,11-07-1983,15-07-2021,16
18,Кононов Виктор Максимович,20-09-1988,Петровская Амира Тимофеевна,02-07-1980,08-05-2019,192
19,Кочетков Андрей Леонидович,03-04-1990,Назарова Алина Михайловна,18-03-1993,22-08-2023,7
20,Гусев Богдан Александрович,28-06-1997,Емельянова Арина Артёмовна,26-02-1982,11-02-2019,290
21,Сергеев Марк Алиевич,20-03-1996,Толкачева Софья Ивановна,21-05-1989,01-11-2022,89
22,Смирнов Дамир Даниилович,30-05-1984,Комарова Мария Михайловна,27-02-1992,26-02-2021,734
23,Федоров Вячеслав Юрьевич,13-01-1999,Назарова Алина Михайловна,02-12-1991,10-01-2022,235
24,Ширяев Кирилл Ильич,02-09-1981,Кузьмина Айлин Степановна,08-08-1983,30-12-2019,949
25,Елисеев Денис Никитич,10-03-1987,Зайцева Вероника Саввична,09-09-1989,11-01-2022,621
26,Попов Степан Кириллович,19-03-1999,Хромова Варвара Леоновна,17-07-1990,01-02-2020,713
27,Королев Владимир Даниилович,13-08-1994,Григорьева Ксения Данииловна,25-07-1988,06-12-2019,626
28,Кононов Виктор Максимович,21-03-1983,Дементьева Екатерина Никитична,15-03-1991,02-06-2023,115
29,Казанцев Марк Назарович,03-04-1993,Петрова Аделина Данииловна,12-05-1991,11-03-2023,717
30,Муратов Вячеслав Дмитриевич,03-03-1995,Мартынова Полина Ивановна,08-05-1985,08-04-2021,635
31,Пантелеев Максим Алексеевич,03-08-1982,Петрова Аделина Данииловна,10-06-1980,01-09-2021,267
32,Родионов Михаил Дмитриевич,09-04-1993,Колесникова Злата Никитична,26-11-1987,09-04-2019,656
33,Царев Мартин Андреевич,18-08-1996,Маркова Мария Леоновна,03-06-1986,04-08-2022,653
34,Левин Артемий Степанович,25-05-1982,Смирнова Дарья Леонидовна,27-05-1992,20-04-2019,615
35,Аникин Фёдор Степанович,30-10-1991,Степанова Екатерина Владимировна,13-07-1998,15-08-2019,36
36,Иванов Иван Макарович,27-06-1980,Морозова Дарина Артёмовна,13-01-1986,09-09-2018,531
37,Винокуров Кирилл Алиевич,31-03-1999,Кузина Полина Ильинична,27-12-1987,21-02-2020,475
38,Новиков Виктор Маркович,01-09-1990,Хромова Варвара Леоновна,13-01-1985,06-10-2018,749
39,Новиков Виктор Маркович,17-01-1983,Суворова Стефания Артёмовна,21-11-1997,10-08-2018,108
40,Белов Евгений Артёмович,31-07-1984,Седова София Игоревна,20-05-1984,29-07-2018,501
41,Новиков Даниил Матвеевич,17-04-1996,Ермакова Анастасия Павловна,12-06-1994,14-02-2021,130
42,Иванов Иван Макарович,20-11-1991,Куликова Мелания Платоновна,19-01-1993,05-05-2021,470
43,Муратов Вячеслав Дмитриевич,01-08-1988,Павлова Агата Савельевна,13-12-1991,08-04-2021,507
44,Колесов Адам Петрович,26-01-1988,Лобанова Полина Андреевна,04-02-1982,02-06-2020,375
45,Макаров Давид Артурович,24-12-1982,Дубова Ксения Алексеевна,24-11-1986,13-09-2020,126
46,Власов Андрей Семёнович,13-03-1991,Кузьмина Айлин Степановна,21-11-1986,01-04-2021,758
47,Верещагин Даниил Демидович,11-12-1996,Седова София Игоревна,02-02-1995,25-04-2021,533
48,Смирнов Дмитрий Григорьевич,20-06-1992,Кошелева Эмилия Максимовна,26-02-1984,16-07-2020,243
49,Медведев Александр Платонович,18-01-1998,Павлова Александра Ярославовна,21-11-1998,17-11-2021,568
50,Медведев Артём Ярославович,13-03-1997,Кононова Алина Георгиевна,13-12-1985,02-02-2020,532
51,Симонов Савва Дмитриевич,01-12-1985,Смирнова Стефания Всеволодовна,14-01-1996,05-01-2022,566
52,Филатов Лука Андреевич,08-07-1995,Богомолова Лидия Вячеславовна,20-04-1996,08-02-2020,665
53,Смирнов Дамир Даниилович,13-10-1984,Николаева Алиса Григорьевна,11-11-1981,30-09-2020,143
54,Константинов Артемий Викторович,19-05-1992,Казакова Арина Александровна,24-08-1988,12-08-2021,733
55,Корнилов Олег Вадимович,19-04-1999,Васильева Полина Михайловна,23-09-1987,20-05-2022,605
56,Родионов Михаил Дмитриевич,06-12-1988,Куликова Мелания Платоновна,26-09-1981,03-03-2021,341
57,Васильев Давид Тимофеевич,11-12-1990,Тихомирова Ксения Львовна,19-05-1990,14-12-2023,561
58,Казанцев Марк Назарович,25-01-1986,Иванова Дарья Сергеевна,28-10-1991,12-03-2022,423
59,Савельев Роман Михайлович,13-05-1984,Петухова Алиса Алексеевна,18-07-1994,05-06-2023,744
60,Казанцев Марк Назарович,31-05-1988,Андреева Варвара Арсентьевна,12-11-1987,05-05-2021,737
61,Соловьев Илья Денисович,01-10-1983,Латышева Злата Михайловна,02-05-1996,12-04-2020,425
62,Егоров Максим Даниилович,10-10-1993,Мартынова Полина Ивановна,27-08-1988,23-08-2019,131
63,Петров Матвей Юрьевич,04-07-1988,Кочеткова Полина Робертовна,15-09-1988,30-09-2023,28
64,Князев Марк Вадимович,19-04-1992,Петухова Алиса Алексеевна,10-03-1998,04-11-2019,8
65,Ильин Матвей Максимович,28-09-1988,Васильева Анна Сергеевна,17-05-1992,26-12-2022,124
66,Осипов Максим Максимович,22-10-1999,Нечаева Алёна Александровна,09-03-1983,29-11-2018,561
67,Левин Артемий Степанович,27-06-1980,Петрова Юлия Никитична,05-07-1988,03-11-2023,839
68,Гусев Станислав Викторович,04-12-1988,Иванова Анна Григорьевна,26-05-1986,08-02-2023,395
69,Белов Евгений Артёмович,11-10-1987,Медведева София Ильинична,10-09-1980,14-02-2018,483
70,Иванов Михаил Сергеевич,11-03-1981,Михеева Аделина Елисеевна,05-02-1996,23-04-2019,816
71,Егоров Максим Даниилович,16-05-1989,Толкачева Софья Ивановна,17-12-1997,14-06-2021,328
72,Романов Вячеслав Савельевич,15-04-1986,Казакова Арина Александровна,19-08-1995,14-06-2022,127
73,Власов Денис Степанович,18-07-1980,Смирнова Ясмина Ивановна,04-12-1986,10-01-2020,615
74,Хромов Кирилл Александрович,05-08-1999,Смирнова Варвара Борисовна,16-03-1983,12-06-2020,621
75,Фомин Лев Александрович,06-07-1981,Ильина Вероника Олеговна,22-03-1994,09-03-2021,958
76,Фомин Лев Александрович,07-03-1982,Емельянова Арина Артёмовна,29-12-1990,19-06-2021,808
77,Ефремов Дмитрий Всеволодович,25-09-1982,Баранова Дарья Владимировна,14-03-1983,09-11-2018,434
78,Иванов Михаил Сергеевич,19-04-1986,Дубова Ксения Алексеевна,02-10-1998,10-05-2021,945
79,Данилов Владимир Егорович,11-11-1993,Попова Вера Ивановна,26-11-1997,13-02-2021,152
80,Мельников Арсений Данилович,24-12-1988,Павлова Агата Савельевна,28-02-1983,22-08-2023,969
81,Пименов Демид Валерьевич,25-11-1984,Маркова Мария Леоновна,31-05-1992,28-10-2019,965
82,Ильин Матвей Максимович,11-11-1988,Куликова Дарья Георгиевна,09-03-1980,21-02-2021,599
83,Власов Денис Степанович,04-11-1997,Кузнецова Ксения Вячеславовна,14-04-1997,09-09-2019,218
84,Горшков Егор Артёмович,11-01-1993,Кузьмина Айлин Степановна,08-03-1981,26-07-2022,369
85,Попов Степан Кириллович,03-07-1984,Самойлова Дарина Кирилловна,29-09-1982,12-11-2019,692
86,Жуков Андрей Петрович,14-05-1980,Вишневская Алисия Андреевна,13-07-1988,11-11-2022,975
87,Буров Дмитрий Лукич ,21-02-1989,Степанова Екатерина Владимировна,20-05-1994,26-10-2023,698
88,Царев Мартин Андреевич,05-11-1999,Крылова Елизавета Владиславовна,10-01-1989,04-07-2019,68
89,Гусев Богдан Александрович,21-11-1989,Иванова Анна Григорьевна,27-01-1987,30-04-2018,442
90,Мельников Арсений Данилович,20-05-1980,Лукина Арина Кирилловна,24-12-1994,15-09-2018,388
91,Марков Максим Александрович,17-04-1987,Григорьева Ксения Данииловна,14-07-1993,14-02-2019,362
92,Михайлов Артём Андреевич,14-04-1983,Зайцева Вероника Саввична,03-05-1993,17-02-2020,671
93,Новиков Андрей Денисович,07-05-1999,Назарова Вероника Платоновна,06-12-1985,28-12-2018,353
94,Верещагин Даниил Демидович,24-07-1987,Трофимова Ангелина Матвеевна,21-08-1996,14-12-2018,907
95,Титов Артур Артёмович,06-08-1987,Старостина Ульяна Даниэльевна,12-10-1985,05-07-2018,216
96,Сорокин Артём Даниилович,31-10-1988,Николаева Алиса Григорьевна,12-06-1996,20-09-2023,395
97,Иванов Михаил Сергеевич,15-05-1995,Зайцева Ксения Артемьевна,12-07-1987,03-03-2020,933
98,Аникин Фёдор Степанович,17-01-1997,Кузнецова Ксения Вячеславовна,09-02-1997,11-08-2023,886
99,Калачев Всеволод Леонидович,15-09-1989,Васильева Полина Михайловна,26-10-1986,17-04-2021,72
100,Князев Марк Вадимович,01-11-1998,Алексеева Ульяна Тимофеевна,11-05-1992,24-10-2020,356
101,Титов Артур Артёмович,09-11-1994,Назарова Алина Михайловна,09-08-1980,13-10-2018,663
102,Титов Артур Артёмович,08-07-1989,Пирогова Агата Ивановна,25-01-1999,14-03-2021,906
103,Новиков Андрей Денисович,25-09-1998,Панина Таисия Денисовна,29-08-1993,13-11-2023,793
104,Давыдов Иван Матвеевич,25-01-1997,Зайцева Виктория Никитична,11-01-1982,30-01-2021,382
105,Королев Владимир Даниилович,13-12-1985,Петухова Алиса Алексеевна,14-07-1993,16-04-2018,602
106,Шестаков Константин Степанович,03-07-1981,Алексеева Арина Матвеевна,19-01-1996,28-06-2021,243
107,Колесов Адам Петрович,04-06-1980,Куликова Дарья Георгиевна,04-07-1991,24-12-2022,810
108,Петров Матвей Юрьевич,27-08-1995,Смирнова Ясмина Ивановна,28-04-1986,18-01-2018,430
109,Гусев Станислав Викторович,04-06-1995,Васильева Полина Михайловна,02-08-1996,05-03-2020,220
110,Королев Владимир Даниилович,22-06-1991,Куликова Дарья Георгиевна,02-03-1991,08-10-2021,498
111,Овчинников Владимир Алексеевич,18-10-1983,Старостина Ульяна Даниэльевна,22-04-1999,18-09-2019,286
112,Круглов Роман Максимович,29-07-1995,Суворова Стефания Артёмовна,29-02-1984,21-01-2022,161
113,Лебедев Тимур Максимович,21-08-1980,Самсонова Виктория Степановна,28-12-1998,17-04-2022,331
114,Казанцев Марк Назарович,24-11-1981,Ершова София Максимовна,02-01-1986,28-12-2019,122
115,Данилов Владимир Егорович,20-03-1988,Куликова Мелания Платоновна,16-11-1994,06-07-2022,403
116,Попов Вячеслав Михайлович,12-06-1984,Козлова Мария Алексеевна,08-07-1985,09-11-2018,681
117,Соловьев Илья Денисович,10-11-1992,Павловская Вероника Владимировна,25-12-1993,16-11-2023,374
118,Константинов Артемий Викторович,01-12-1993,Ермакова Анастасия Павловна,27-09-1996,09-08-2023,730
119,Петров Матвей Юрьевич,16-02-1996,Назарова Вероника Платоновна,31-10-1981,10-10-2022,268
120,Новиков Даниил Матвеевич,18-07-1986,Васильева Полина Михайловна,29-02-1988,23-10-2020,989
121,Савельев Роман Михайлович,23-10-1991,Седова София Игоревна,26-01-1986,06-03-2022,394
122,Муратов Вячеслав Дмитриевич,19-10-1986,Климова Александра Артемьевна,20-11-1992,08-01-2022,137
123,Фетисов Кирилл Артемьевич,22-01-1998,Нечаева Алёна Александровна,27-04-1981,14-10-2018,845
124,Калачев Всеволод Леонидович,08-09-1997,Зайцева Ксения Артемьевна,06-09-1994,25-02-2022,153
125,Кузнецов Михаил Демидович,05-10-1989,Самойлова Дарина Кирилловна,15-03-1997,12-04-2021,201
126,Власов Андрей Семёнович,27-09-1996,Кузнецова Ксения Вячеславовна,03-05-1999,31-07-2018,461
127,Воронин Савелий Иванович,12-07-1980,Андреева Варвара Арсентьевна,15-08-1982,07-06-2019,148
128,Пименов Демид Валерьевич,29-09-1999,Зайцева Вероника Саввична,08-09-1981,10-05-2020,101
129,Левин Артемий Степанович,14-02-1980,Петухова Алиса Алексеевна,01-04-1983,22-09-2020,578
130,Овчинников Владимир Алексеевич,23-12-1985,Михеева Аделина Елисеевна,19-08-1981,19-07-2020,499
131,Винокуров Кирилл Алиевич,04-11-1994,Морозова Дарина Артёмовна,21-08-1985,15-10-2019,566
132,Власов Андрей Семёнович,15-03-1996,Седова София Игоревна,24-08-1997,31-08-2020,700
133,Муравьев Тимур Андреевич,22-01-1980,Алексеева Арина Матвеевна,10-12-1987,20-02-2021,82
134,Егоров Максим Даниилович,25-09-1987,Павловская Вероника Владимировна,27-10-1982,14-09-2020,457
135,Казанцев Марк Назарович,01-08-1985,Кузьмина Айлин Степановна,16-12-1988,10-11-2023,38
136,Белоусов Фёдор Даниилович,24-03-1991,Иванова Дарья Сергеевна,22-10-1982,26-08-2022,973
137,Белоусов Фёдор Даниилович,14-01-1988,Ершова София Максимовна,04-07-1983,30-08-2020,458
138,Смирнов Дмитрий Григорьевич,18-02-1984,Пирогова Агата Ивановна,26-10-1981,29-04-2022,391
139,Федоров Вячеслав Юрьевич,08-03-1987,Куликова Дарья Георгиевна,06-02-1991,02-01-2020,648
140,Крючков Алексей Васильевич,31-03-1992,Богомолова Лидия Вячеславовна,27-10-1998,30-07-2023,277
141,Федоров Вячеслав Юрьевич,23-02-1980,Петрова Аделина Данииловна,14-05-1985,26-06-2020,199
142,Васильев Егор Тимофеевич,08-07-1980,Козлова Мария Алексеевна,13-02-1997,03-04-2023,959
143,Смирнов Дамир Даниилович,08-02-1983,Лобанова Полина Андреевна,13-04-1982,21-07-2020,371
144,Крючков Алексей Васильевич,04-01-1981,Розанова Виктория Кирилловна,15-07-1982,09-03-2021,708
145,Осипов Максим Максимович,22-04-1984,Назарова Вероника Платоновна,16-12-1997,29-05-2019,621
146,Царев Мартин Андреевич,20-06-1993,Бабушкина Амина Давидовна,25-10-1982,20-12-2022,28
147,Кузнецов Михаил Демидович,30-09-1989,Зайцева Виктория Никитична,21-08-1981,10-11-2023,181
148,Иванов Михаил Сергеевич,24-08-1996,Казакова Арина Александровна,05-09-1991,19-06-2023,239
149,Ширяев Кирилл Ильич,25-06-1992,Павлова Агата Савельевна,07-07-1993,17-12-2022,994
150,Миронов Фёдор Григорьевич,14-07-1982,Архипова Варвара Макаровна,21-11-1985,17-08-2020,619
151,Мельников Арсений Данилович,29-10-1996,Емельянова Арина Артёмовна,28-05-1994,13-01-2021,702
152,Князев Марк Вадимович,21-12-1994,Суворова Стефания Артёмовна,16-08-1998,17-01-2018,727
153,Булгаков Иван Владимирович,19-07-1985,Рябова Елизавета Владимировна,16-02-1996,30-06-2018,917
154,Круглов Роман Максимович,18-02-1997,Савельева София Мироновна,03-05-1982,25-12-2018,500
155,Верещагин Даниил Демидович,20-08-1988,Добрынина Милана Данииловна,17-07-1988,26-06-2022,683
156,Волков Герман Степанович,03-02-1994,Баранова Дарья Владимировна,21-07-1984,22-08-2020,34
157,Осипов Дмитрий Платонович,05-11-1993,Смирнова Екатерина Михайловна,20-05-1980,17-09-2018,353
158,Данилов Владимир Егорович,20-10-1987,Панина Таисия Денисовна,25-09-1990,19-01-2023,235
159,Новиков Виктор Маркович,25-01-1998,Пирогова Агата Ивановна,09-01-1984,26-10-2021,477
160,Воронин Савелий Иванович,31-07-1981,Павловская Вероника Владимировна,23-05-1985,02-04-2022,834
161,Царев Мартин Андреевич,13-05-1993,Зайцева Вероника Саввична,18-09-1997,05-05-2021,38
162,Винокуров Кирилл Алиевич,05-08-1995,Ермакова Анастасия Павловна,08-05-1994,08-02-2020,90
163,Гусев Богдан Александрович,05-10-1994,Павлова Агата Савельевна,06-11-1984,22-01-2018,884
164,Казаков Марк Михайлович,18-04-1998,Ермакова Анастасия Павловна,12-03-1984,07-08-2021,984
165,Родионов Михаил Дмитриевич,10-07-1993,Пахомова Майя Никитична,21-11-1988,07-02-2021,25
166,Медведев Артём Ярославович,03-02-1999,Борисова Вероника Савельевна,22-10-1997,09-12-2023,446
167,Герасимов Давид Петрович,12-03-1982,Петрова Юлия Никитична,14-09-1988,29-08-2023,224
168,Попов Степан Кириллович,02-09-1994,Борисова Вероника Савельевна,05-01-1992,28-06-2021,648
169,Горбачев Александр Тихонович,19-06-1986,Михеева Аделина Елисеевна,10-11-1989,15-06-2019,142
170,Федоров Вячеслав Юрьевич,16-07-1994,Дроздова Марина Михайловна,01-01-1996,22-04-2018,770
171,Овчинников Владимир Алексеевич,05-12-1997,Петрова Юлия Никитична,27-09-1996,17-02-2019,324
172,Яковлев Даниил Георгиевич,01-10-1996,Петрова Юлия Никитична,20-01-1992,20-06-2023,148
173,Медведев Александр Платонович,28-03-1982,Лукина Арина Кирилловна,05-07-1991,14-06-2019,155
174,Филатов Лука Андреевич,06-06-1997,Медведева София Ильинична,14-10-1995,14-09-2021,631
175,Петров Матвей Юрьевич,09-03-1988,Куликова Дарья Георгиевна,21-08-1982,28-12-2020,572
176,Мельников Арсений Данилович,30-09-1990,Иванова Алиса Тихоновна,19-10-1985,29-12-2020,173
177,Кочетков Андрей Леонидович,04-10-1983,Пирогова Агата Ивановна,21-03-1982,06-07-2020,766
178,Кочетков Андрей Леонидович,18-02-1988,Павлова Александра Ярославовна,05-08-1982,29-08-2018,954
179,Кононов Виктор Максимович,11-11-1991,Смирнова Варвара Борисовна,28-09-1984,21-03-2021,213
180,Ильин Матвей Максимович,03-05-1992,Назарова Вероника Платоновна,04-07-1990,31-01-2023,783
181,Калачев Всеволод Леонидович,03-02-1996,Ермакова Анастасия Павловна,04-05-1988,08-11-2023,651
182,Родионов Михаил Дмитриевич,15-06-1982,Тихомирова Ксения Львовна,30-08-1983,07-08-2023,714
183,Кочетков Андрей Леонидович,15-02-1982,Куликова Дарья Георгиевна,24-02-1998,01-10-2020,604
184,Пантелеев Максим Алексеевич,26-10-1980,Назарова Ульяна Арсеновна,21-01-1995,21-06-2020,107
185,Романов Вячеслав Савельевич,21-06-1998,Иванова Дарья Сергеевна,09-01-1989,05-07-2021,59
186,Аникин Фёдор Степанович,08-05-1997,Андреева Варвара Арсентьевна,31-08-1983,25-11-2018,8
187,Казанцев Марк Назарович,08-12-1985,Богомолова Лидия Вячеславовна,05-08-1985,19-12-2019,236
188,Осипов Максим Максимович,31-05-1983,Латышева Злата Михайловна,02-09-1985,19-11-2018,581
189,Филатов Лука Андреевич,06-07-1986,Петрова Юлия Никитична,25-12-1997,31-08-2021,683
190,Медведев Александр Платонович,25-11-1982,Антипова София Игоревна,22-10-1993,28-05-2019,636
191,Овчинников Владимир Алексеевич,13-05-1980,Баранова Дарья Владимировна,22-03-1987,07-08-2020,354
192,Верещагин Даниил Демидович,13-11-1981,Борисова София Фёдоровна,12-11-1992,19-03-2019,184
193,Кочетков Андрей Леонидович,13-05-1984,Иванова Дарья Сергеевна,13-02-1991,10-07-2018,206
194,Дегтярев Илья Тимофеевич,29-11-1989,Дроздова Марина Михайловна,17-05-1998,01-12-2020,719
195,Романов Вячеслав Савельевич,20-02-1984,Маркова Мария Леоновна,24-02-1980,19-01-2021,323
196,Новиков Андрей Денисович,19-09-1993,Самсонова Виктория Степановна,30-10-1982,11-06-2022,78
197,Муратов Вячеслав Дмитриевич,17-09-1983,Маркова Мария Леоновна,06-04-1986,15-03-2020,586
198,Ефремов Дмитрий Всеволодович,25-10-1997,Самойлова Дарина Кирилловна,24-07-1980,24-04-2023,707
199,Симонов Савва Дмитриевич,10-10-1980,Латышева Злата Михайловна,25-01-1993,23-07-2019,857
200,Лебедев Тимур Максимович,04-11-1996,Семенова Анна Кирилловна,22-07-1984,19-11-2022,150
201,Сергеев Марк Алиевич,25-03-1983,Зайцева Вероника Саввична,21-03-1986,07-12-2018,577
202,Казанцев Марк Назарович,20-09-1998,Андреева Варвара Арсентьевна,03-04-1987,05-05-2018,188
203,Хромов Кирилл Александрович,09-03-1981,Назарова Вероника Платоновна,28-06-1993,03-05-2018,506
204,Волков Герман Степанович,03-12-1985,Михайлова София Алексеевна,13-05-1995,31-10-2023,224
205,Левин Артемий Степанович,09-08-1983,Степанова Екатерина Владимировна,11-06-1989,07-12-2020,978
206,Титов Артур Артёмович,26-04-1992,Мартынова Полина Ивановна,08-08-1983,08-09-2021,737
207,Федоров Вячеслав Юрьевич,14-09-1987,Петрова Аделина Данииловна,19-10-1985,14-06-2020,175
208,Молчанов Иван Максимович,18-10-1988,Кочеткова Полина Робертовна,26-03-1995,09-10-2020,967
209,Горбачев Александр Тихонович,25-12-1991,Петрова Юлия Никитична,13-07-1997,28-12-2023,939
210,Хромов Кирилл Александрович,05-04-1997,Вавилова Маргарита Никитична,11-11-1980,19-07-2018,312
211,Винокуров Кирилл Алиевич,15-06-1986,Медведева София Ильинична,15-05-1989,23-06-2019,415
212,Казанцев Марк Назарович,05-12-1991,Иванова Анна Григорьевна,13-12-1987,19-09-2023,110
213,Петров Матвей Юрьевич,31-12-1995,Ильина Вероника Олеговна,04-02-1980,28-06-2019,592
214,Калачев Всеволод Леонидович,12-06-1985,Рябова Елизавета Владимировна,08-07-1999,19-06-2022,404
215,Крючков Алексей Васильевич,24-12-1993,Баранова Дарья Владимировна,03-08-1997,05-10-2023,5
216,Смирнов Дмитрий Григорьевич,28-05-1985,Борисова София Фёдоровна,21-02-1992,15-08-2019,279
217,Романов Вячеслав Савельевич,23-02-1996,Зайцева Виктория Никитична,23-08-1993,09-05-2019,179
218,Иванов Михаил Сергеевич,26-09-1980,Суворова Стефания Артёмовна,20-08-1985,02-10-2019,926
219,Дмитриев Тимофей Михайлович,30-01-1989,Князева Валерия Ивановна,31-03-1987,28-06-2020,895
220,Воронин Савелий Иванович,15-10-1988,Медведева София Ильинична,20-11-1985,20-10-2022,931
221,Попов Вячеслав Михайлович,03-09-1997,Зайцева Вероника Саввична,27-04-1984,18-09-2023,163
222,Елисеев Денис Никитич,22-04-1988,Зайцева Вероника Саввична,16-11-1983,22-08-2023,781
223,Гусев Богдан Александрович,18-04-1980,Зайцева Вероника Саввична,19-03-1982,27-03-2022,308
224,Хромов Кирилл Александрович,08-11-1985,Суворова Стефания Артёмовна,08-11-1980,12-11-2019,348
225,Смирнов Степан Константинович,22-06-1981,Князева Валерия Ивановна,05-04-1991,14-05-2022,753
226,Титов Артур Артёмович,01-01-1996,Дроздова Марина Михайловна,29-07-1985,11-06-2018,379
227,Иванов Михаил Сергеевич,02-05-1999,Кошелева Эмилия Максимовна,11-12-1985,11-02-2021,312
228,Кузнецов Михаил Демидович,25-02-1993,Кузина Полина Ильинична,24-01-1994,30-07-2018,956
229,Симонов Савва Дмитриевич,05-02-1994,Князева Валерия Ивановна,01-04-1999,27-08-2019,186
230,Буров Дмитрий Лукич ,24-03-1982,Семенова Анна Кирилловна,04-04-1986,13-07-2023,515
231,Васильев Павел Артёмович,04-08-1993,Макарова София Тимофеевна,10-09-1998,29-01-2020,117
232,Ильин Матвей Максимович,20-03-1983,Кочеткова Полина Робертовна,19-07-1993,13-02-2019,535
233,Ширяев Кирилл Ильич,21-10-1989,Богомолова Лидия Вячеславовна,04-05-1994,09-03-2019,819
234,Левин Артемий Степанович,03-09-1995,Смирнова Стефания Всеволодовна,15-11-1995,22-03-2018,853
235,Васильев Егор Тимофеевич,17-08-1990,Трофимова Ангелина Матвеевна,29-01-1992,19-07-2022,959
236,Родионов Михаил Дмитриевич,08-09-1997,Латышева Злата Михайловна,17-03-1999,17-06-2023,567
237,Пименов Демид Валерьевич,10-03-1988,Назарова Ульяна Арсеновна,28-03-1982,12-05-2021,100
238,Фетисов Кирилл Артемьевич,24-03-1999,Кочеткова Полина Робертовна,12-01-1986,20-06-2023,560
239,Дегтярев Илья Тимофеевич,20-05-1999,Лукина Арина Кирилловна,18-08-1988,01-05-2021,306
240,Крючков Алексей Васильевич,18-03-1988,Васильева Полина Михайловна,29-06-1992,06-03-2023,709
241,Соловьев Илья Денисович,25-02-1997,Добрынина Милана Данииловна,31-03-1986,27-05-2022,538
242,Родионов Михаил Дмитриевич,15-02-1988,Архипова Варвара Макаровна,06-10-1991,20-02-2022,54
243,Васильев Давид Тимофеевич,07-06-1982,Дроздова Марина Михайловна,03-02-1997,28-04-2020,586
244,Горбачев Александр Тихонович,08-12-1998,Вавилова Маргарита Никитична,11-05-1984,22-09-2023,332
245,Корчагин Даниил Борисович,25-09-1996,Дроздова Марина Михайловна,11-06-1984,27-07-2021,679
246,Дубинин Мирон Егорович,25-06-1985,Панина Таисия Денисовна,03-12-1990,17-09-2023,252
247,Белов Евгений Артёмович,15-01-1984,Лукина Арина Кирилловна,10-09-1997,12-12-2018,975
248,Хромов Кирилл Александрович,20-09-1989,Рябова Елизавета Владимировна,02-10-1986,12-04-2019,471
249,Фетисов Кирилл Артемьевич,29-11-1990,Михайлова София Алексеевна,09-09-1985,11-04-2020,22
250,Булгаков Иван Владимирович,17-08-1997,Медведева София Ильинична,22-12-1984,05-07-2023,623
251,Жуков Андрей Петрович,18-12-1995,Борисова София Фёдоровна,10-02-1982,13-08-2019,483
252,Казаков Марк Михайлович,08-01-1981,Павловская Вероника Владимировна,25-05-1998,03-03-2023,261
253,Родионов Михаил Дмитриевич,20-04-1991,Григорьева Ксения Данииловна,23-06-1986,06-03-2019,665
254,Степанов Андрей Григорьевич,03-07-1995,Емельянова Арина Артёмовна,10-01-1994,05-09-2019,231
255,Муравьев Тимур Андреевич,15-11-1996,Смирнова Варвара Борисовна,26-05-1983,01-11-2022,945
256,Фомин Лев Александрович,14-12-1983,Кошелева Эмилия Максимовна,30-01-1987,10-03-2021,683
257,Иванов Даниил Сергеевич,28-02-1999,Козлова Ясмина Михайловна,07-12-1994,12-11-2020,952
258,Королев Владимир Даниилович,23-05-1990,Васильева Полина Михайловна,15-11-1986,06-08-2020,553
259,Новиков Андрей Денисович,12-03-1989,Толкачева Софья Ивановна,13-06-1998,03-04-2022,720
260,Ефремов Дмитрий Всеволодович,08-06-1992,Морозова Ева Данииловна,11-09-1990,04-03-2022,427
261,Макаров Давид Артурович,03-03-1995,Смирнова Ясмина Ивановна,24-08-1990,12-06-2022,666
262,Кононов Виктор Максимович,03-06-1981,Кононова Алина Георгиевна,15-01-1995,13-09-2021,564
263,Новиков Андрей Денисович,31-05-1999,Ермакова Анастасия Павловна,12-12-1989,26-03-2020,766
264,Казанцев Марк Назарович,29-09-1988,Баранова Дарья Владимировна,14-08-1992,28-05-2022,908
265,Корчагин Даниил Борисович,08-06-1995,Трофимова Ангелина Матвеевна,18-01-1992,07-06-2019,894
266,Царев Мартин Андреевич,14-09-1992,Алексеева Арина Матвеевна,20-06-1980,20-07-2018,886
267,Смирнов Дамир Даниилович,08-09-1999,Смирнова Ясмина Ивановна,12-12-1991,07-04-2019,546
268,Михайлов Артём Андреевич,07-11-1981,Пирогова Агата Ивановна,07-07-1996,03-01-2019,546
269,Воробьев Савва Павлович,28-02-1999,Николаева Алиса Григорьевна,21-06-1982,13-05-2018,982
270,Власов Денис Степанович,19-01-1999,Вишневская Алисия Андреевна,27-11-1998,29-12-2021,288
271,Жуков Андрей Петрович,29-06-1993,Колесникова Злата Никитична,23-09-1998,05-09-2018,543
272,Пименов Демид Валерьевич,05-07-1986,Алексеева Ульяна Тимофеевна,26-01-1995,30-07-2023,613
273,Симонов Савва Дмитриевич,07-01-1984,Петухова Алиса Алексеевна,03-11-1993,02-02-2018,600
274,Колесов Адам Петрович,04-10-1980,Князева Валерия Ивановна,23-07-1980,14-06-2023,969
275,Суворов Матвей Богданович,23-02-1982,Григорьева Ксения Данииловна,08-07-1987,30-05-2023,970
276,Верещагин Даниил Демидович,19-04-1988,Вавилова Маргарита Никитична,20-01-1993,16-05-2020,128
277,Марков Максим Александрович,19-09-1991,Михеева Аделина Елисеевна,16-07-1999,18-02-2022,621
278,Степанов Андрей Григорьевич,25-04-1999,Бабушкина Амина Давидовна,13-09-1988,11-04-2021,122
279,Смирнов Степан Константинович,09-05-1990,Баранова Дарья Владимировна,25-02-1986,27-09-2021,367
280,Иванов Даниил Сергеевич,23-01-1997,Самойлова Дарина Кирилловна,20-06-1996,03-10-2023,422
281,Осипов Дмитрий Платонович,04-02-1989,Трофимова Ангелина Матвеевна,20-03-1998,17-12-2022,731
282,Новиков Андрей Денисович,15-01-1984,Дементьева Екатерина Никитична,17-11-1991,24-03-2023,974
283,Муравьев Тимур Андреевич,31-08-1985,Панина Таисия Денисовна,13-11-1993,08-12-2020,799
284,Ильин Матвей Максимович,08-11-1995,Ермакова Анастасия Павловна,30-01-1995,08-08-2021,762
285,Савельев Роман Михайлович,24-11-1991,Зайцева Виктория Никитична,13-05-1989,13-05-2023,152
286,Суворов Матвей Богданович,29-07-1988,Петровская Ева Егоровна,27-03-1996,23-05-2020,579
287,Васильев Давид Тимофеевич,15-05-1996,Колесникова Злата Никитична,23-02-1998,01-07-2020,493
288,Филатов Лука Андреевич,19-12-1991,Панина Таисия Денисовна,24-09-1992,21-01-2021,69
289,Васильев Давид Тимофеевич,24-08-1988,Крылова Елизавета Владиславовна,20-09-1986,19-11-2019,795
290,Савельев Роман Михайлович,21-05-1996,Куликова Дарья Георгиевна,24-06-1990,11-08-2019,754
291,Белов Евгений Артёмович,13-06-1986,Князева Валерия Ивановна,11-04-1998,12-06-2022,955
292,Сергеев Марк Алиевич,24-11-1997,Алексеева Арина Матвеевна,03-11-1981,10-06-2020,361
293,Пименов Демид Валерьевич,05-01-1981,Рябова Елизавета Владимировна,20-12-1985,16-10-2019,280
294,Казанцев Марк Назарович,14-07-1988,Андреева Варвара Арсентьевна,22-03-1985,25-11-2019,648
295,Михайлов Артём Андреевич,24-12-1993,Нечаева Алёна Александровна,15-11-1986,04-05-2020,432
296,Петров Матвей Юрьевич,29-09-1998,Маркова Мария Леоновна,28-10-1990,25-05-2021,401
297,Смирнов Степан Константинович,10-06-1989,Комарова Мария Михайловна,13-10-1980,22-04-2023,155
298,Иванов Михаил Сергеевич,22-02-1996,Кузьмина Айлин Степановна,03-08-1996,09-11-2018,950
299,Родионов Михаил Дмитриевич,22-06-1990,Васильева Анна Сергеевна,04-05-1987,28-02-2023,743
300,Федоров Вячеслав Юрьевич,18-10-1995,Зайцева Ксения Артемьевна,23-06-1998,23-05-2022,66
301,Смирнов Дамир Даниилович,25-08-1984,Григорьева Алиса Марковна,05-05-1983,15-03-2020,685
302,Королев Владимир Даниилович,11-09-1992,Куликова Мелания Платоновна,30-07-1984,24-12-2023,936
303,Винокуров Кирилл Алиевич,23-10-1986,Кононова Алина Георгиевна,18-09-1985,17-03-2020,717
304,Сергеев Марк Алиевич,10-06-1980,Кудряшова Полина Алиевна,02-08-1996,08-06-2021,883
305,Жуков Андрей Петрович,27-12-1990,Макарова София Тимофеевна,08-01-1987,31-07-2021,747
306,Миронов Фёдор Григорьевич,19-05-1989,Баранова Дарья Владимировна,28-11-1987,09-04-2018,986
307,Винокуров Кирилл Алиевич,21-05-1994,Ершова София Максимовна,06-11-1985,07-01-2019,252
308,Фомин Лев Александрович,29-09-1996,Дементьева Екатерина Никитична,19-01-1995,17-03-2021,294
309,Власов Андрей Семёнович,25-10-1984,Петрова Аделина Данииловна,22-03-1993,28-12-2019,702
310,Ефремов Дмитрий Всеволодович,30-03-1992,Вавилова Маргарита Никитична,28-03-1987,26-09-2018,120
311,Булгаков Иван Владимирович,21-04-1988,Комарова Мария Михайловна,20-04-1986,07-12-2023,531
312,Казанцев Марк Назарович,16-11-1998,Климова Александра Артемьевна,26-12-1980,04-09-2023,535
313,Смирнов Лев Михайлович,22-03-1998,Вавилова Маргарита Никитична,23-10-1987,15-02-2023,499
314,Суворов Матвей Богданович,27-11-1981,Толкачева Софья Ивановна,14-10-1983,19-11-2018,504
315,Герасимов Давид Петрович,21-05-1984,Зайцева Ксения Артемьевна,21-04-1987,08-03-2023,607
316,Марков Максим Александрович,09-11-1993,Зайцева Вероника Саввична,18-03-1999,12-02-2023,542
317,Жуков Андрей Петрович,27-11-1989,Кузьмина Айлин Степановна,12-02-1987,10-03-2018,174
318,Корнилов Олег Вадимович,29-04-1983,Маркова Мария Леоновна,20-10-1984,30-12-2018,83
319,Муравьев Тимур Андреевич,11-06-1991,Павлова Александра Ярославовна,30-05-1982,21-04-2023,955
320,Воробьев Савва Павлович,05-05-1986,Маркова Мария Леоновна,12-04-1986,09-02-2021,991
321,Фетисов Кирилл Артемьевич,22-10-1989,Михеева Аделина Елисеевна,16-11-1990,29-11-2021,177
322,Беляков Матвей Егорович,26-07-1987,Пахомова Майя Никитична,30-09-1991,21-05-2023,276
323,Царев Мартин Андреевич,29-10-1987,Маркова Мария Леоновна,21-02-1998,20-07-2021,572
324,Горшков Егор Артёмович,12-04-1997,Васильева Анна Сергеевна,19-04-1987,30-01-2020,226
325,Федоров Вячеслав Юрьевич,16-06-1990,Алексеева Ульяна Тимофеевна,02-10-1999,09-09-2019,829
326,Елисеев Денис Никитич,16-04-1980,Пахомова Майя Никитична,29-01-1994,23-04-2021,232
327,Беляков Матвей Егорович,22-05-1985,Кононова Алина Георгиевна,04-11-1986,11-03-2019,441
328,Буров Дмитрий Лукич ,19-02-1993,Колесникова Злата Никитична,05-08-1985,17-02-2019,417
329,Белов Евгений Артёмович,12-08-1989,Борисова Вероника Савельевна,16-02-1982,17-07-2023,935
330,Кочетков Андрей Леонидович,09-03-1999,Хромова Варвара Леоновна,29-07-1989,10-08-2021,49
331,Власов Денис Степанович,13-04-1997,Суворова Стефания Артёмовна,22-04-1981,04-02-2020,90
332,Смирнов Дмитрий Григорьевич,04-11-1997,Емельянова Арина Артёмовна,30-04-1989,22-10-2020,375
333,Беляков Матвей Егорович,14-01-1992,Кузьмина Айлин Степановна,25-04-1999,19-01-2022,819
334,Дмитриев Тимофей Михайлович,15-09-1985,Зайцева Ксения Артемьевна,14-01-1980,16-05-2021,595
335,Кононов Виктор Максимович,20-02-1986,Макарова София Тимофеевна,10-07-1980,15-01-2018,774
336,Герасимов Давид Петрович,02-05-1993,Козлова Ясмина Михайловна,12-06-1983,26-07-2020,541
337,Егоров Максим Даниилович,04-11-1983,Павлова Агата Савельевна,22-01-1994,17-07-2019,749
338,Калачев Всеволод Леонидович,02-07-1993,Львова Дарина Марковна,27-11-1993,27-04-2020,748
339,Давыдов Иван Матвеевич,17-06-1981,Смирнова Екатерина Михайловна,18-09-1980,27-12-2018,491
340,Васильев Давид Тимофеевич,14-05-1986,Козлова Мария Алексеевна,06-10-1983,02-01-2021,998
341,Горбачев Александр Тихонович,09-08-1992,Смирнова Ясмина Ивановна,02-07-1983,16-02-2018,852
342,Молчанов Иван Максимович,30-09-1982,Иванова Алиса Тихоновна,05-11-1999,15-04-2020,62
343,Смирнов Степан Константинович,01-09-1999,Григорьева Ксения Данииловна,25-04-1986,21-07-2021,331
344,Марков Максим Александрович,25-07-1993,Григорьева Ксения Данииловна,25-04-1990,15-10-2023,658
345,Федоров Вячеслав Юрьевич,16-04-1998,Добрынина Милана Данииловна,26-06-1996,08-06-2021,78
346,Булгаков Иван Владимирович,03-02-1994,Михеева Аделина Елисеевна,22-01-1998,15-05-2021,803
347,Филатов Лука Андреевич,25-08-1997,Седова София Игоревна,25-04-1999,19-04-2023,258
348,Булгаков Иван Владимирович,21-12-1980,Петровская Амира Тимофеевна,30-10-1993,07-08-2021,76
349,Осипов Дмитрий Платонович,16-01-1995,Дроздова Марина Михайловна,09-10-1995,15-12-2023,227
350,Пантелеев Максим Алексеевич,12-02-1984,Петухова Алиса Алексеевна,11-06-1986,22-01-2020,227
351,Беляков Матвей Егорович,26-07-1984,Куликова Дарья Георгиевна,07-11-1981,15-03-2019,684
352,Данилов Владимир Егорович,05-08-1984,Дементьева Екатерина Никитична,28-05-1997,02-09-2022,135
353,Царев Мартин Андреевич,08-09-1997,Кузнецова Ксения Вячеславовна,31-01-1982,12-09-2018,896
354,Князев Марк Вадимович,29-02-1984,Савельева София Мироновна,26-08-1997,01-12-2020,643
355,Васильев Павел Артёмович,21-08-1992,Дубова Ксения Алексеевна,13-11-1987,27-05-2019,929
356,Марков Максим Александрович,08-11-1986,Зайцева Виктория Никитична,12-02-1999,22-12-2019,88
357,Левин Артемий Степанович,08-04-1987,Самсонова Виктория Степановна,03-05-1983,01-05-2023,954
358,Новиков Виктор Маркович,29-05-1981,Ермакова Анастасия Павловна,17-05-1991,05-08-2022,624
359,Королев Владимир Даниилович,25-05-1987,Андреева Варвара Арсентьевна,04-08-1992,01-09-2018,879
360,Савельев Роман Михайлович,15-02-1982,Розанова Виктория Кирилловна,06-04-1988,01-11-2019,521
361,Осипов Максим Максимович,20-03-1992,Макарова София Тимофеевна,17-03-1998,15-03-2020,755
362,Иванов Даниил Сергеевич,29-09-1983,Дубова Ксения Алексеевна,17-09-1984,05-01-2018,256
363,Белов Евгений Артёмович,19-10-1992,Петрова Юлия Никитична,12-02-1991,13-08-2021,872
364,Казанцев Марк Назарович,22-08-1996,Зайцева Виктория Никитична,14-02-1987,19-05-2022,837
365,Верещагин Даниил Демидович,19-03-1987,Кононова Алина Георгиевна,16-06-1980,27-04-2018,13
366,Муравьев Тимур Андреевич,10-06-1988,Куликова Дарья Георгиевна,11-05-1999,04-12-2023,859
367,Макаров Тимур Артёмович,13-03-1989,Михеева Аделина Елисеевна,23-07-1987,23-08-2021,479
368,Фетисов Кирилл Артемьевич,22-07-1980,Пирогова Агата Ивановна,09-11-1988,18-05-2023,227
369,Фетисов Кирилл Артемьевич,25-09-1995,Самойлова Дарина Кирилловна,23-11-1996,30-08-2018,628
370,Калачев Всеволод Леонидович,04-11-1980,Пирогова Агата Ивановна,12-05-1991,26-09-2021,763
371,Белов Евгений Артёмович,21-03-1998,Кошелева Эмилия Максимовна,25-02-1981,15-04-2019,693
372,Ильин Матвей Максимович,29-07-1980,Колосова Виктория Дмитриевна,13-11-1983,13-07-2018,839
373,Егоров Максим Даниилович,09-01-1988,Иванова Анна Григорьевна,09-12-1988,20-11-2022,703
374,Смирнов Степан Константинович,05-06-1990,Колесникова Злата Никитична,03-12-1995,26-11-2019,180
375,Воронин Савелий Иванович,11-11-1982,Зайцева Вероника Саввична,13-03-1981,26-12-2021,538
376,Калачев Всеволод Леонидович,12-08-1994,Семенова Анна Кирилловна,15-04-1982,15-04-2021,519
377,Сергеев Марк Алиевич,22-06-1986,Пирогова Агата Ивановна,02-06-1990,06-10-2022,932
378,Молчанов Иван Максимович,19-02-1991,Добрынина Милана Данииловна,02-04-1981,10-09-2019,498
379,Корчагин Даниил Борисович,12-06-1981,Пахомова Майя Никитична,25-02-1995,04-03-2022,46
380,Титов Артур Артёмович,18-05-1994,Назарова Ульяна Арсеновна,07-10-1985,29-05-2020,49
381,Иванов Даниил Сергеевич,29-10-1982,Назарова Вероника Платоновна,20-08-1998,23-08-2022,387
382,Воронин Савелий Иванович,24-12-1982,Савельева София Мироновна,19-04-1987,30-04-2021,716
383,Попов Вячеслав Михайлович,22-11-1996,Трофимова Ангелина Матвеевна,10-07-1998,05-09-2020,998
384,Фетисов Кирилл Артемьевич,19-07-1995,Толкачева Софья Ивановна,16-02-1995,17-05-2020,445
385,Булгаков Иван Владимирович,03-08-1990,Алексеева Арина Матвеевна,24-06-1980,16-10-2018,219
386,Фомин Лев Александрович,26-09-1989,Казакова Арина Александровна,04-06-1991,19-01-2022,639
387,Миронов Фёдор Григорьевич,22-11-1998,Андреева Варвара Арсентьевна,25-01-1990,19-06-2021,914
388,Жуков Андрей Петрович,01-08-1993,Кошелева Эмилия Максимовна,03-11-1981,19-12-2020,187
389,Васильев Павел Артёмович,16-07-1987,Назарова Ульяна Арсеновна,30-08-1990,01-04-2020,722
390,Яковлев Даниил Георгиевич,19-04-1982,Пирогова Агата Ивановна,15-09-1993,25-02-2018,928
391,Власов Андрей Семёнович,10-03-1999,Смирнова Ясмина Ивановна,28-07-1989,04-09-2019,777
392,Винокуров Кирилл Алиевич,13-04-1996,Розанова Виктория Кирилловна,04-08-1980,06-01-2022,946
393,Пименов Демид Валерьевич,12-12-1999,Емельянова Арина Артёмовна,28-06-1984,01-04-2021,752
394,Смирнов Лев Михайлович,20-04-1987,Андреева Варвара Арсентьевна,13-07-1999,25-02-2021,948
395,Князев Марк Вадимович,18-07-1992,Назарова Ульяна Арсеновна,03-09-1994,27-05-2021,478
396,Васильев Егор Тимофеевич,25-12-1994,Самойлова Дарина Кирилловна,08-11-1983,04-03-2023,373
397,Давыдов Иван Матвеевич,04-06-1986,Самсонова Виктория Степановна,01-10-1995,11-01-2018,158
398,Медведев Артём Ярославович,09-12-1987,Зайцева Виктория Никитична,20-08-1994,25-07-2023,919
399,Верещагин Даниил Демидович,08-10-1988,Григорьева Алиса Марковна,15-02-1999,01-03-2021,910
400,Сорокин Артём Даниилович,30-09-1983,Дроздова Марина Михайловна,07-06-1999,25-04-2018,281
401,Константинов Артемий Викторович,28-02-1981,Куликова Мелания Платоновна,22-04-1993,10-07-2019,38
402,Михайлов Артём Андреевич,11-07-1996,Архипова Варвара Макаровна,19-03-1998,29-08-2019,169
403,Левин Артемий Степанович,09-04-1997,Зайцева Виктория Никитична,25-12-1986,15-08-2018,320
404,Медведев Александр Платонович,09-07-1985,Головина Анисия Михайловна,15-09-1996,25-12-2021,729
405,Новиков Виктор Маркович,08-07-1996,Петровская Амира Тимофеевна,10-07-1989,31-03-2022,955
406,Попов Вячеслав Михайлович,12-06-1981,Ершова София Максимовна,22-08-1993,15-09-2019,765
407,Овчинников Владимир Алексеевич,04-07-1999,Семенова Анна Кирилловна,14-10-1981,15-03-2023,996
408,Федоров Вячеслав Юрьевич,09-02-1999,Зайцева Ксения Артемьевна,21-07-1987,12-01-2022,392
409,Кочетков Андрей Леонидович,15-10-1982,Борисова Вероника Савельевна,02-06-1988,28-12-2020,731
410,Смирнов Степан Константинович,01-05-1992,Розанова Виктория Кирилловна,05-08-1992,03-12-2018,209
411,Васильев Егор Тимофеевич,28-07-1999,Ершова София Максимовна,27-09-1990,05-08-2023,831
412,Новиков Виктор Маркович,22-08-1985,Макарова София Тимофеевна,17-11-1994,17-05-2021,17
413,Жуков Андрей Петрович,22-11-1993,Старостина Ульяна Даниэльевна,28-04-1993,06-05-2022,343
414,Суворов Матвей Богданович,10-07-1988,Козлова Мария Алексеевна,19-06-1983,27-06-2019,742
415,Степанов Андрей Григорьевич,30-03-1984,Кочеткова Полина Робертовна,20-12-1989,03-07-2020,766
416,Беляков Матвей Егорович,06-08-1991,Добрынина Милана Данииловна,14-01-1997,07-09-2023,942
417,Новиков Виктор Маркович,13-01-1987,Смирнова Стефания Всеволодовна,19-02-1990,28-01-2020,985
418,Егоров Максим Даниилович,01-09-1999,Вишневская Алисия Андреевна,07-04-1993,03-06-2021,284
419,Константинов Артемий Викторович,13-04-1993,Львова Дарина Марковна,17-08-1998,14-03-2019,981
420,Родионов Михаил Дмитриевич,19-05-1985,Назарова Ульяна Арсеновна,05-08-1991,21-01-2018,300
421,Корнилов Олег Вадимович,28-10-1982,Макарова София Тимофеевна,01-06-1998,11-02-2023,449
422,Калачев Всеволод Леонидович,19-12-1985,Тихомирова Ксения Львовна,01-05-1987,17-06-2022,871
423,Миронов Фёдор Григорьевич,22-09-1982,Михеева Аделина Елисеевна,20-06-1988,30-10-2022,688
424,Шестаков Константин Степанович,26-12-1987,Панина Таисия Денисовна,01-02-1987,27-09-2018,242
425,Сергеев Марк Алиевич,19-04-1989,Лобанова Полина Андреевна,26-06-1987,20-11-2019,322
426,Симонов Савва Дмитриевич,07-05-1983,Добрынина Милана Данииловна,31-01-1998,19-08-2020,919
427,Горбачев Александр Тихонович,23-04-1996,Дементьева Екатерина Лукинична,28-10-1995,14-01-2021,391
428,Осипов Максим Максимович,23-08-1994,Кузнецова Ксения Вячеславовна,14-03-1982,15-07-2018,73
429,Симонов Савва Дмитриевич,03-09-1984,Пахомова Майя Никитична,25-07-1994,12-08-2020,674
430,Титов Артур Артёмович,01-02-1993,Лебедева Мария Егоровна,05-12-1984,10-04-2019,378
431,Калачев Всеволод Леонидович,14-05-1997,Степанова Екатерина Владимировна,23-07-1982,14-09-2019,122
432,Смирнов Матвей Максимович,30-11-1985,Николаева Алиса Григорьевна,04-10-1984,12-08-2021,982
433,Левин Артемий Степанович,23-10-1982,Дементьева Екатерина Никитична,09-09-1992,28-12-2021,751
434,Круглов Роман Максимович,18-07-1982,Дубова Ксения Алексеевна,18-07-1982,15-01-2022,477
435,Симонов Савва Дмитриевич,05-02-1982,Тихомирова Ксения Львовна,07-06-1980,24-04-2021,724
436,Пименов Демид Валерьевич,27-11-1989,Иванова Анна Григорьевна,01-05-1999,07-08-2021,422
437,Кузнецов Михаил Демидович,06-07-1996,Смирнова Екатерина Михайловна,26-05-1980,23-02-2019,835
438,Романов Вячеслав Савельевич,03-06-1994,Нечаева Алёна Александровна,03-09-1994,25-10-2020,801
439,Власов Андрей Семёнович,30-12-1999,Николаева Алиса Григорьевна,13-02-1991,11-07-2020,852
440,Кузнецов Михаил Демидович,27-02-1998,Михеева Аделина Елисеевна,16-03-1987,02-11-2023,368
441,Медведев Артём Ярославович,29-01-1992,Вишневская Алисия Андреевна,27-11-1989,16-09-2019,216
442,Смирнов Дамир Даниилович,21-08-1986,Ильина Вероника Олеговна,08-10-1982,26-02-2023,551
443,Королев Владимир Даниилович,19-04-1996,Морозова Дарина Артёмовна,08-12-1988,01-05-2021,264
444,Муратов Вячеслав Дмитриевич,14-11-1987,Алексеева Ульяна Тимофеевна,14-09-1999,01-12-2019,754
445,Медведев Александр Платонович,18-01-1984,Павлова Александра Ярославовна,10-02-1992,26-09-2019,862
446,Калачев Всеволод Леонидович,28-07-1989,Андреева Варвара Арсентьевна,09-07-1993,05-11-2022,439
447,Елисеев Денис Никитич,09-10-1980,Колосова Виктория Дмитриевна,05-03-1994,11-05-2020,532
448,Дубинин Мирон Егорович,16-12-1984,Головина Анисия Михайловна,26-04-1993,18-04-2021,625
449,Яковлев Даниил Георгиевич,02-08-1993,Григорьева Ксения Данииловна,02-01-1983,10-06-2021,721
450,Пименов Демид Валерьевич,02-01-1988,Хромова Варвара Леоновна,01-10-1999,27-05-2018,33
451,Степанов Андрей Григорьевич,04-08-1982,Михайлова София Алексеевна,14-03-1983,30-11-2022,140
452,Смирнов Дмитрий Григорьевич,04-04-1998,Вишневская Алисия Андреевна,28-02-1994,06-12-2019,522
453,Молчанов Иван Максимович,24-07-1981,Смирнова Ясмина Ивановна,25-12-1992,13-11-2021,837
454,Колесов Адам Петрович,09-02-1994,Зайцева Вероника Саввична,12-05-1999,13-04-2023,3
455,Калачев Всеволод Леонидович,10-06-1999,Семенова Анна Кирилловна,23-12-1987,06-02-2019,297
456,Верещагин Даниил Демидович,10-07-1993,Козлова Ясмина Михайловна,20-05-1999,25-03-2020,261
457,Родионов Михаил Дмитриевич,12-07-1997,Седова София Игоревна,29-10-1989,25-12-2022,429
458,Кононов Виктор Максимович,03-08-1984,Макарова София Тимофеевна,13-01-1998,11-05-2021,127
459,Новиков Андрей Денисович,16-08-1986,Нечаева Алёна Александровна,08-04-1998,09-01-2018,612
460,Смирнов Лев Михайлович,12-06-1997,Колесникова Злата Никитична,19-03-1984,04-03-2019,136
461,Михайлов Артём Андреевич,05-03-1981,Головина Анисия Михайловна,18-09-1991,27-06-2023,573
462,Иванов Михаил Сергеевич,12-06-1983,Савельева София Мироновна,08-11-1996,24-08-2019,373
463,Петров Матвей Юрьевич,13-09-1989,Попова Вера Ивановна,17-02-1990,15-06-2023,60
464,Дегтярев Илья Тимофеевич,22-05-1987,Михайлова София Алексеевна,01-03-1987,11-06-2022,578
465,Елисеев Денис Никитич,09-08-1988,Вавилова Маргарита Никитична,17-09-1982,23-11-2020,684
466,Смирнов Дамир Даниилович,07-09-1990,Алексеева Арина Матвеевна,24-09-1998,04-05-2023,131
467,Осипов Дмитрий Платонович,20-09-1991,Кузьмина Айлин Степановна,04-11-1989,20-06-2023,672
468,Дегтярев Илья Тимофеевич,10-08-1989,Трофимова Ангелина Матвеевна,28-10-1991,23-10-2018,948
469,Дубинин Мирон Егорович,09-04-1991,Хромова Варвара Леоновна,21-09-1988,12-09-2018,42
470,Пименов Демид Валерьевич,05-03-1996,Михайлова София Алексеевна,07-03-1986,10-07-2018,852
471,Медведев Александр Платонович,17-07-1998,Маркова Мария Леоновна,25-12-1992,04-03-2022,625
472,Иванов Михаил Сергеевич,05-10-1997,Борисова София Фёдоровна,27-05-1982,16-01-2023,496
473,Аникин Фёдор Степанович,11-07-1997,Казакова Арина Александровна,12-03-1998,02-05-2018,806
474,Степанов Андрей Григорьевич,11-07-1999,Климова Александра Артемьевна,28-01-1987,21-06-2022,464
475,Осипов Дмитрий Платонович,12-09-1992,Зайцева Вероника Саввична,05-03-1986,25-03-2018,915
476,Смирнов Матвей Максимович,08-01-1987,Хромова Варвара Леоновна,18-10-1981,16-01-2020,322
477,Елисеев Денис Никитич,30-04-1980,Смирнова Дарья Леонидовна,02-06-1987,21-09-2021,581
478,Шестаков Константин Степанович,21-01-1985,Смирнова Варвара Борисовна,04-01-1998,10-02-2020,895
479,Миронов Фёдор Григорьевич,05-06-1990,Вишневская Алисия Андреевна,13-07-1997,06-06-2022,200
480,Аникин Фёдор Степанович,17-03-1980,Богомолова Лидия Вячеславовна,07-03-1984,10-10-2021,878
481,Егоров Максим Даниилович,22-01-1990,Алексеева Арина Матвеевна,04-08-1990,14-03-2022,224
482,Титов Артур Артёмович,09-01-1991,Ершова София Максимовна,09-05-1981,11-11-2023,27
483,Смирнов Дамир Даниилович,17-06-1986,Вишневская Алисия Андреевна,24-02-1993,10-08-2022,307
484,Давыдов Иван Матвеевич,21-04-1987,Дроздова Марина Михайловна,24-06-1982,20-10-2021,734
485,Крючков Алексей Васильевич,29-12-1982,Бабушкина Амина Давидовна,11-01-1982,05-08-2022,497
486,Царев Мартин Андреевич,26-10-1994,Князева Валерия Ивановна,07-12-1983,03-02-2021,231
487,Савельев Роман Михайлович,04-03-1993,Козлова Ясмина Михайловна,20-03-1985,13-05-2021,87
488,Сорокин Артём Даниилович,01-11-1988,Пирогова Агата Ивановна,11-03-1981,15-06-2018,428
489,Королев Владимир Даниилович,11-07-1990,Пирогова Агата Ивановна,22-11-1993,25-12-2023,309
490,Колесов Адам Петрович,22-10-1996,Алексеева Арина Матвеевна,10-09-1988,17-09-2022,266
491,Королев Владимир Даниилович,05-03-1982,Морозова Ева Данииловна,20-04-1980,27-02-2021,281
492,Власов Андрей Семёнович,04-03-1990,Кузина Полина Ильинична,04-12-1995,09-02-2021,81
493,Смирнов Дамир Даниилович,13-06-1989,Самойлова Дарина Кирилловна,19-07-1984,15-11-2020,357
494,Иванов Владимир Владиславович,25-05-1986,Павлова Александра Ярославовна,21-06-1989,18-02-2018,427
495,Степанов Андрей Григорьевич,14-06-1983,Лукина Арина Кирилловна,07-05-1999,15-08-2019,154
496,Власов Денис Степанович,01-01-1985,Львова Дарина Марковна,20-11-1984,07-02-2020,27
497,Дегтярев Илья Тимофеевич,05-10-1993,Ершова София Максимовна,12-10-1998,02-05-2019,47
498,Герасимов Давид Петрович,11-11-1990,Старостина Ульяна Даниэльевна,06-11-1988,25-03-2019,279
499,Казаков Марк Михайлович,28-11-1999,Седова София Игоревна,18-11-1990,11-11-2019,459
500,Казанцев Марк Назарович,24-04-1986,Ермакова Анастасия Павловна,12-10-1984,07-06-2018,432
501,Елисеев Денис Никитич,29-06-1988,Иванова Дарья Сергеевна,16-02-1999,06-06-2022,389
502,Попов Степан Кириллович,07-08-1995,Хромова Варвара Леоновна,24-08-1980,02-12-2019,819
503,Федоров Вячеслав Юрьевич,22-09-1992,Рябова Елизавета Владимировна,28-02-1986,18-04-2020,617
504,Гусев Станислав Викторович,22-03-1984,Розанова Виктория Кирилловна,15-10-1997,19-05-2022,449
505,Воронин Савелий Иванович,30-03-1992,Кузьмина Айлин Степановна,21-08-1981,13-07-2022,221
506,Корчагин Даниил Борисович,08-09-1983,Дементьева Екатерина Лукинична,09-09-1990,18-11-2020,495
507,Филатов Лука Андреевич,05-07-1987,Семенова Анна Кирилловна,12-11-1986,06-08-2018,535
508,Фомин Лев Александрович,19-12-1984,Кудряшова Полина Алиевна,20-01-1985,29-01-2022,814
509,Осипов Максим Максимович,29-12-1983,Вишневская Алисия Андреевна,03-01-1993,14-03-2023,366
510,Поликарпов Даниил Петрович,12-08-1992,Григорьева Алиса Марковна,01-02-1991,30-04-2022,709
511,Осипов Дмитрий Платонович,15-02-1980,Михеева Аделина Елисеевна,21-05-1993,12-06-2019,110
512,Сергеев Марк Алиевич,20-07-1998,Павловская Вероника Владимировна,21-09-1987,07-08-2019,897
513,Воронин Савелий Иванович,07-03-1982,Степанова Екатерина Владимировна,30-06-1995,15-01-2018,426
514,Родионов Михаил Дмитриевич,30-03-1987,Старостина Ульяна Даниэльевна,06-04-1990,12-03-2021,87
515,Аникин Фёдор Степанович,31-08-1993,Зайцева Виктория Никитична,09-11-1993,28-12-2022,976
516,Васильев Павел Артёмович,26-08-1989,Емельянова Арина Артёмовна,14-06-1981,03-01-2022,208
517,Миронов Фёдор Григорьевич,18-03-1996,Ильина Вероника Олеговна,06-09-1989,16-01-2019,144
518,Смирнов Матвей Максимович,03-09-1989,Головина Анисия Михайловна,28-12-1992,22-12-2019,173
519,Молчанов Иван Максимович,28-04-1993,Маркова Мария Леоновна,18-04-1984,11-07-2021,287
520,Данилов Владимир Егорович,27-02-1996,Антипова София Игоревна,02-01-1980,16-07-2022,318
521,Степанов Андрей Григорьевич,24-05-1999,Петрова Юлия Никитична,21-06-1994,20-09-2018,414
522,Фетисов Кирилл Артемьевич,08-02-1981,Лебедева Мария Егоровна,13-01-1995,01-12-2020,830
523,Дубинин Мирон Егорович,24-05-1999,Петровская Ева Егоровна,15-09-1985,12-01-2018,634
524,Медведев Александр Платонович,03-08-1994,Назарова Ульяна Арсеновна,14-11-1999,11-12-2021,434
525,Новиков Даниил Матвеевич,27-01-1987,Васильева Полина Михайловна,08-05-1988,26-05-2020,714
526,Давыдов Иван Матвеевич,05-05-1988,Петухова Алиса Алексеевна,31-03-1980,12-12-2021,788
527,Васильев Павел Артёмович,22-04-1994,Дроздова Марина Михайловна,18-05-1982,22-07-2022,845
528,Дегтярев Илья Тимофеевич,03-07-1997,Самойлова Дарина Кирилловна,20-03-1982,10-07-2019,488
529,Дубинин Мирон Егорович,12-11-1992,Панина Таисия Денисовна,27-01-1984,13-10-2021,666
530,Воробьев Савва Павлович,27-10-1998,Колосова Виктория Дмитриевна,09-05-1994,26-08-2022,723
531,Горбачев Александр Тихонович,09-06-1996,Морозова Ева Данииловна,29-11-1989,15-06-2023,358
532,Иванов Иван Макарович,08-01-1990,Петрова Аделина Данииловна,30-01-1990,27-11-2018,6
533,Фетисов Кирилл Артемьевич,28-10-1995,Морозова Дарина Артёмовна,22-12-1991,13-09-2018,843
534,Волков Герман Степанович,29-08-1999,Самсонова Виктория Степановна,18-01-1990,31-03-2021,221
535,Мельников Арсений Данилович,15-07-1994,Баранова Дарья Владимировна,25-07-1996,27-01-2021,184
536,Князев Марк Вадимович,20-04-1987,Семенова Анна Кирилловна,22-02-1982,08-08-2019,463
537,Ширяев Кирилл Ильич,20-12-1988,Маркова Мария Леоновна,26-07-1999,23-03-2019,397
538,Винокуров Степан Николаевич,28-12-1992,Вавилова Маргарита Никитична,27-01-1981,07-08-2021,860
539,Сорокин Артём Даниилович,20-07-1981,Михеева Аделина Елисеевна,03-04-1993,24-09-2021,220
540,Гусев Богдан Александрович,22-04-1999,Кузьмина Айлин Степановна,29-03-1989,24-05-2020,148
541,Крючков Алексей Васильевич,06-11-1984,Колесникова Злата Никитична,30-09-1984,29-03-2019,632
542,Егоров Максим Даниилович,01-01-1980,Иванова Алиса Тихоновна,08-02-1989,24-03-2022,825
543,Сорокин Артём Даниилович,20-06-1990,Хромова Варвара Леоновна,02-01-1990,12-06-2021,559
544,Мельников Арсений Данилович,17-05-1986,Богомолова Лидия Вячеславовна,14-03-1987,08-03-2021,519
545,Миронов Фёдор Григорьевич,19-02-1988,Головина Анисия Михайловна,17-12-1998,04-08-2020,214
546,Белов Евгений Артёмович,25-12-1985,Вишневская Алисия Андреевна,11-11-1996,18-02-2018,718
547,Иванов Владимир Владиславович,08-02-1995,Назарова Вероника Платоновна,22-07-1989,23-12-2020,270
548,Лебедев Тимур Максимович,06-03-1997,Латышева Злата Михайловна,18-06-1983,22-02-2023,232
549,Филатов Лука Андреевич,24-12-1982,Павлова Александра Ярославовна,03-12-1994,21-01-2021,174
550,Попов Вячеслав Михайлович,21-11-1990,Кочеткова Полина Робертовна,04-10-1984,23-02-2018,970
551,Белов Евгений Артёмович,31-08-1999,Козлова Мария Алексеевна,11-12-1998,29-05-2019,627
552,Корчагин Даниил Борисович,24-01-1980,Петрова Аделина Данииловна,26-11-1998,15-01-2019,569
553,Казанцев Марк Назарович,05-01-1986,Зайцева Виктория Никитична,20-10-1999,05-09-2019,452
554,Гусев Богдан Александрович,26-08-1999,Иванова Дарья Сергеевна,14-12-1991,12-01-2023,132
555,Макаров Давид Артурович,20-12-1985,Кудряшова Полина Алиевна,14-02-1981,15-03-2022,21
556,Иванов Михаил Сергеевич,14-02-1990,Андреева Варвара Арсентьевна,22-01-1984,29-12-2021,320
557,Калачев Всеволод Леонидович,14-11-1993,Кононова Алина Георгиевна,10-04-1985,10-10-2023,120
558,Казанцев Марк Назарович,24-08-1997,Макарова София Тимофеевна,10-07-1986,05-09-2018,472
559,Степанов Андрей Григорьевич,11-01-1986,Емельянова Арина Артёмовна,20-01-1992,10-01-2022,738
560,Родионов Михаил Дмитриевич,23-02-1999,Васильева Полина Михайловна,05-10-1986,11-05-2018,273
561,Петров Матвей Юрьевич,20-03-1980,Смирнова Стефания Всеволодовна,04-08-1984,05-11-2022,575
562,Муравьев Тимур Андреевич,07-04-1995,Николаева Алиса Григорьевна,01-11-1993,18-11-2020,775
563,Казанцев Марк Назарович,30-09-1996,Попова Вера Ивановна,26-10-1991,08-05-2020,762
564,Муравьев Тимур Андреевич,11-06-1984,Пахомова Майя Никитична,14-01-1989,28-04-2020,212
565,Колесов Адам Петрович,05-06-1994,Кошелева Эмилия Максимовна,26-11-1996,07-01-2022,853
566,Шестаков Константин Степанович,14-04-1990,Кошелева Эмилия Максимовна,14-04-1982,22-04-2020,745
567,Шестаков Константин Степанович,06-08-1989,Савельева София Мироновна,31-03-1996,15-12-2022,326
568,Булгаков Иван Владимирович,10-01-1989,Петровская Амира Тимофеевна,29-08-1989,02-02-2018,384
569,Левин Артемий Степанович,02-03-1985,Михеева Аделина Елисеевна,04-12-1994,16-02-2020,546
570,Новиков Даниил Матвеевич,06-08-1980,Назарова Алина Михайловна,12-11-1987,27-09-2018,971
571,Попов Вячеслав Михайлович,19-12-1984,Алексеева Арина Матвеевна,11-05-1993,22-04-2023,990
572,Васильев Давид Тимофеевич,15-07-1981,Куликова Мелания Платоновна,07-09-1990,20-01-2023,364
573,Казанцев Марк Назарович,01-01-1992,Петрова Юлия Никитична,26-05-1982,10-11-2020,180
574,Медведев Артём Ярославович,25-09-1998,Смирнова Ясмина Ивановна,10-05-1983,23-05-2019,679
575,Власов Денис Степанович,07-08-1996,Казакова Арина Александровна,27-03-1996,10-10-2022,606
576,Медведев Александр Платонович,30-03-1989,Розанова Виктория Кирилловна,18-12-1985,21-02-2020,1
577,Осипов Максим Максимович,17-06-1998,Петрова Аделина Данииловна,22-11-1983,03-03-2019,615
578,Константинов Артемий Викторович,13-11-1991,Лебедева Мария Егоровна,26-04-1998,15-03-2021,467
579,Иванов Даниил Сергеевич,20-02-1992,Морозова Дарина Артёмовна,25-05-1994,05-04-2022,175
580,Петров Матвей Юрьевич,03-02-1985,Кононова Алина Георгиевна,08-12-1991,07-11-2018,713
581,Елисеев Денис Никитич,16-12-1984,Иванова Дарья Сергеевна,21-04-1990,17-12-2021,629
582,Васильев Егор Тимофеевич,21-09-1999,Смирнова Варвара Борисовна,28-10-1991,13-06-2023,735
583,Макаров Давид Артурович,22-04-1982,Панина Таисия Денисовна,22-03-1986,22-12-2019,114
584,Титов Артур Артёмович,27-08-1994,Петрова Юлия Никитична,02-11-1982,03-05-2021,559
585,Данилов Владимир Егорович,12-03-1986,Смирнова Стефания Всеволодовна,01-04-1999,02-03-2018,71
586,Муратов Вячеслав Дмитриевич,07-03-1981,Ершова София Максимовна,13-03-1980,26-02-2019,736
587,Соловьев Илья Денисович,09-11-1985,Николаева Алиса Григорьевна,07-10-1992,09-05-2023,232
588,Степанов Андрей Григорьевич,01-11-1991,Кузина Полина Ильинична,13-11-1981,01-04-2021,256
589,Новиков Андрей Денисович,01-12-1998,Смирнова Варвара Борисовна,07-07-1997,28-08-2022,655
590,Смирнов Степан Константинович,21-01-1992,Зайцева Вероника Саввична,15-05-1988,19-07-2019,121
591,Смирнов Матвей Максимович,08-05-1983,Хромова Варвара Леоновна,29-10-1999,11-11-2018,823
592,Власов Андрей Семёнович,17-12-1998,Семенова Анна Кирилловна,01-04-1991,03-06-2021,395
593,Смирнов Лев Михайлович,04-12-1992,Добрынина Милана Данииловна,29-06-1985,14-06-2023,589
594,Буров Дмитрий Лукич ,03-09-1985,Козлова Мария Алексеевна,17-07-1987,08-05-2023,204
595,Симонов Савва Дмитриевич,27-03-1989,Суворова Стефания Артёмовна,31-08-1982,18-02-2021,388
596,Муратов Вячеслав Дмитриевич,29-07-1989,Вавилова Маргарита Никитична,14-02-1980,20-01-2023,628
597,Дегтярев Илья Тимофеевич,11-09-1999,Вавилова Маргарита Никитична,28-01-1993,24-04-2020,993
598,Ширяев Кирилл Ильич,29-01-1993,Емельянова Арина Артёмовна,13-08-1988,15-09-2018,414
599,Молчанов Иван Максимович,13-06-1996,Лаврентьева Таисия Артёмовна,01-10-1987,18-03-2019,946
600,Давыдов Иван Матвеевич,20-10-1993,Мартынова Полина Ивановна,22-08-1985,25-01-2019,114
601,Кузнецов Михаил Демидович,05-01-1998,Пирогова Агата Ивановна,12-06-1990,05-04-2021,691
602,Кочетков Андрей Леонидович,13-08-1991,Алексеева Ульяна Тимофеевна,31-08-1983,28-08-2018,472
603,Федоров Вячеслав Юрьевич,08-12-1983,Лобанова Полина Андреевна,23-01-1997,29-11-2020,241
604,Булгаков Иван Владимирович,14-09-1997,Назарова Вероника Платоновна,07-03-1986,23-11-2020,691
605,Медведев Александр Платонович,19-02-1986,Михеева Аделина Елисеевна,02-08-1981,07-06-2023,901
606,Новиков Виктор Маркович,23-09-1980,Васильева Полина Михайловна,29-05-1992,05-03-2021,514
607,Корчагин Даниил Борисович,21-05-1992,Ильина Вероника Олеговна,24-01-1983,07-06-2020,471
608,Винокуров Степан Николаевич,25-10-1986,Баранова Дарья Владимировна,13-10-1998,29-04-2020,631
609,Гусев Станислав Викторович,28-10-1998,Головина Анисия Михайловна,10-04-1990,26-03-2023,646
610,Иванов Даниил Сергеевич,26-05-1996,Иванова Алиса Тихоновна,26-05-1980,04-09-2021,212
611,Константинов Артемий Викторович,26-01-1996,Колесникова Злата Никитична,25-11-1998,11-04-2021,137
612,Попов Вячеслав Михайлович,01-07-1983,Савельева София Мироновна,20-06-1990,03-09-2020,790
613,Смирнов Дмитрий Григорьевич,31-05-1994,Кочеткова Полина Робертовна,01-03-1982,17-10-2022,411
614,Горбачев Александр Тихонович,16-06-1993,Кошелева Эмилия Максимовна,10-06-1997,06-04-2022,563
615,Елисеев Денис Никитич,10-02-1983,Комарова Мария Михайловна,23-04-1994,28-04-2018,880
616,Жуков Андрей Петрович,23-03-1987,Степанова Екатерина Владимировна,05-03-1990,04-12-2023,847
617,Дмитриев Тимофей Михайлович,23-02-1997,Комарова Мария Михайловна,11-03-1983,07-09-2022,278
618,Медведев Александр Платонович,05-07-1988,Климова Александра Артемьевна,28-04-1990,29-09-2022,964
619,Овчинников Владимир Алексеевич,18-12-1994,Антипова София Игоревна,22-09-1999,06-01-2018,802
620,Шестаков Константин Степанович,01-12-1981,Григорьева Ксения Данииловна,05-05-1997,30-10-2020,365
621,Марков Максим Александрович,09-12-1987,Кочеткова Полина Робертовна,29-08-1990,09-07-2023,967
622,Макаров Тимур Артёмович,07-02-1992,Дементьева Екатерина Никитична,21-10-1985,19-10-2019,553
623,Новиков Виктор Маркович,25-02-1991,Комарова Мария Михайловна,25-11-1980,10-10-2021,844
624,Царев Мартин Андреевич,23-10-1990,Попова Вера Ивановна,30-07-1981,15-03-2022,974
625,Пименов Демид Валерьевич,13-08-1988,Князева Валерия Ивановна,15-09-1990,12-03-2018,894
626,Царев Мартин Андреевич,04-04-1995,Львова Дарина Марковна,25-06-1994,31-01-2018,685
627,Князев Марк Вадимович,11-06-1986,Козлова Мария Алексеевна,11-01-1999,07-02-2021,252
628,Беляков Матвей Егорович,02-04-1992,Кузьмина Айлин Степановна,24-07-1983,21-02-2019,351
629,Князев Марк Вадимович,11-08-1995,Попова Вера Ивановна,12-08-1983,15-06-2020,835
630,Константинов Артемий Викторович,18-07-1988,Лаврентьева Таисия Артёмовна,18-12-1989,09-09-2022,954
631,Медведев Артём Ярославович,18-05-1993,Васильева Полина Михайловна,23-01-1991,07-12-2020,730
632,Смирнов Лев Михайлович,26-12-1989,Дроздова Марина Михайловна,22-10-1984,26-02-2021,50
633,Кононов Виктор Максимович,09-06-1982,Вишневская Алисия Андреевна,01-03-1983,07-08-2018,246
634,Симонов Савва Дмитриевич,05-09-1997,Кочеткова Полина Робертовна,29-12-1995,02-12-2021,320
635,Сорокин Артём Даниилович,03-11-1995,Маркова Мария Леоновна,02-06-1992,02-02-2020,965
636,Овчинников Владимир Алексеевич,10-12-1985,Архипова Варвара Макаровна,18-09-1997,24-09-2023,116
637,Медведев Артём Ярославович,25-10-1985,Кузина Полина Ильинична,27-01-1998,10-10-2020,484
638,Осипов Максим Максимович,10-12-1997,Иванова Дарья Сергеевна,24-03-1996,06-09-2022,943
639,Савельев Роман Михайлович,20-08-1987,Семенова Анна Кирилловна,05-01-1980,20-08-2022,305
640,Ильин Матвей Максимович,06-04-1997,Латышева Злата Михайловна,05-09-1985,11-02-2019,79
641,Фетисов Кирилл Артемьевич,12-08-1992,Емельянова Арина Артёмовна,02-09-1986,08-05-2022,608
642,Давыдов Иван Матвеевич,06-08-1997,Толкачева Софья Ивановна,08-09-1999,17-02-2019,737
643,Князев Марк Вадимович,03-08-1989,Смирнова Екатерина Михайловна,15-07-1993,19-04-2020,812
644,Овчинников Владимир Алексеевич,29-10-1988,Козлова Ясмина Михайловна,07-09-1993,02-09-2021,287
645,Королев Владимир Даниилович,26-06-1983,Самсонова Виктория Степановна,19-01-1994,14-10-2023,766
646,Сергеев Марк Алиевич,16-04-1981,Куликова Мелания Платоновна,15-07-1983,08-06-2019,681
647,Воробьев Савва Павлович,06-07-1983,Самойлова Дарина Кирилловна,27-03-1986,05-07-2023,173
648,Горбачев Александр Тихонович,08-03-1980,Смирнова Дарья Леонидовна,02-10-1998,03-09-2023,658
649,Васильев Павел Артёмович,18-10-1985,Андреева Варвара Арсентьевна,16-07-1997,11-11-2021,152
650,Марков Максим Александрович,06-06-1984,Баранова Дарья Владимировна,12-12-1995,06-10-2023,587
651,Макаров Давид Артурович,07-09-1983,Панина Таисия Денисовна,14-04-1989,21-07-2022,848
652,Иванов Иван Макарович,11-09-1984,Кузина Полина Ильинична,01-07-1984,03-06-2022,287
653,Беляков Матвей Егорович,17-11-1981,Бабушкина Амина Давидовна,09-07-1995,05-05-2021,778
654,Медведев Александр Платонович,19-11-1981,Алексеева Ульяна Тимофеевна,26-06-1987,09-01-2020,22
655,Егоров Максим Даниилович,29-12-1992,Козлова Ясмина Михайловна,01-05-1985,22-01-2021,348
656,Буров Дмитрий Лукич ,17-02-1993,Кузнецова Ксения Вячеславовна,19-12-1988,27-05-2021,15
657,Родионов Михаил Дмитриевич,30-12-1994,Кузьмина Айлин Степановна,05-11-1988,11-03-2023,534
658,Корнилов Олег Вадимович,07-05-1988,Алексеева Ульяна Тимофеевна,15-02-1997,22-07-2023,851
659,Федоров Вячеслав Юрьевич,25-10-1987,Емельянова Арина Артёмовна,21-06-1983,04-10-2019,648
660,Буров Дмитрий Лукич ,20-01-1993,Розанова Виктория Кирилловна,21-11-1988,02-03-2022,387
661,Иванов Владимир Владиславович,23-04-1985,Латышева Злата Михайловна,10-09-1989,14-05-2023,649
662,Царев Мартин Андреевич,06-10-1981,Дементьева Екатерина Никитична,26-03-1990,19-01-2020,900
663,Иванов Даниил Сергеевич,22-11-1993,Лобанова Полина Андреевна,15-05-1985,22-03-2019,351
664,Михайлов Артём Андреевич,27-11-1980,Андреева Варвара Арсентьевна,19-04-1984,27-01-2020,242
665,Симонов Савва Дмитриевич,23-09-1986,Морозова Дарина Артёмовна,10-11-1982,11-05-2018,991
666,Елисеев Денис Никитич,21-08-1985,Смирнова Ясмина Ивановна,23-04-1980,19-10-2018,465
667,Горбачев Александр Тихонович,05-08-1985,Комарова Мария Михайловна,24-09-1982,19-07-2020,367
668,Смирнов Лев Михайлович,11-12-1988,Смирнова Екатерина Михайловна,14-02-1999,24-02-2020,213
669,Осипов Максим Максимович,22-08-1990,Куликова Мелания Платоновна,09-06-1985,31-08-2019,810
670,Мельников Арсений Данилович,06-06-1989,Дроздова Марина Михайловна,14-02-1985,20-01-2018,39
671,Попов Вячеслав Михайлович,20-11-1994,Суворова Стефания Артёмовна,10-10-1997,14-06-2021,196
672,Беляков Матвей Егорович,22-09-1992,Николаева Алиса Григорьевна,08-04-1983,07-12-2020,771
673,Винокуров Кирилл Алиевич,02-09-1996,Морозова Ева Данииловна,23-01-1993,24-10-2021,789
674,Смирнов Лев Михайлович,09-03-1989,Антипова София Игоревна,01-10-1993,09-03-2023,337
675,Воробьев Савва Павлович,14-01-1981,Петровская Амира Тимофеевна,17-05-1980,15-03-2022,76
676,Корнилов Олег Вадимович,26-02-1981,Комарова Мария Михайловна,01-10-1994,19-06-2021,728
677,Казанцев Марк Назарович,07-04-1981,Кузнецова Ксения Вячеславовна,07-11-1993,24-05-2018,988
678,Сорокин Артём Даниилович,13-03-1989,Климова Александра Артемьевна,09-02-1993,25-10-2021,12
679,Медведев Артём Ярославович,17-06-1996,Дроздова Марина Михайловна,29-09-1984,18-04-2021,57
680,Симонов Савва Дмитриевич,20-04-1996,Козлова Мария Алексеевна,22-10-1992,08-11-2022,52
681,Осипов Максим Максимович,15-02-1987,Дубова Ксения Алексеевна,28-03-1990,25-08-2018,448
682,Новиков Виктор Маркович,03-12-1989,Зайцева Виктория Никитична,07-12-1993,28-07-2018,522
683,Михайлов Артём Андреевич,28-01-1990,Григорьева Ксения Данииловна,06-11-1987,27-12-2019,569
684,Ефремов Дмитрий Всеволодович,16-08-1985,Смирнова Ясмина Ивановна,12-01-1994,29-01-2020,505
685,Симонов Савва Дмитриевич,08-02-1990,Добрынина Милана Данииловна,03-08-1989,19-03-2021,214
686,Корнилов Олег Вадимович,29-10-1990,Смирнова Варвара Борисовна,26-12-1986,17-04-2022,800
687,Казаков Марк Михайлович,12-02-1992,Мартынова Полина Ивановна,14-11-1983,26-08-2022,333
688,Иванов Даниил Сергеевич,12-02-1995,Павлова Александра Ярославовна,08-05-1980,24-10-2019,842
689,Васильев Егор Тимофеевич,14-03-1998,Назарова Вероника Платоновна,31-05-1981,21-05-2022,513
690,Князев Марк Вадимович,23-11-1996,Антипова София Игоревна,03-11-1997,17-09-2022,636
691,Крючков Алексей Васильевич,30-06-1991,Козлова Мария Алексеевна,18-05-1981,19-07-2022,286
692,Овчинников Владимир Алексеевич,07-09-1990,Смирнова Екатерина Михайловна,19-02-1986,18-06-2019,464
693,Иванов Иван Макарович,27-07-1999,Степанова Екатерина Владимировна,25-05-1993,04-08-2023,957
694,Данилов Владимир Егорович,05-02-1992,Казакова Арина Александровна,04-02-1985,21-08-2021,847
695,Князев Марк Вадимович,20-04-1997,Вишневская Алисия Андреевна,13-01-1996,01-08-2018,403
696,Миронов Фёдор Григорьевич,18-01-1987,Бабушкина Амина Давидовна,21-11-1985,11-10-2023,711
697,Давыдов Иван Матвеевич,24-11-1986,Кузьмина Айлин Степановна,09-11-1987,10-02-2020,381
698,Власов Денис Степанович,15-12-1996,Петровская Амира Тимофеевна,22-01-1995,03-05-2018,889
699,Булгаков Иван Владимирович,11-05-1990,Петрова Аделина Данииловна,05-01-1999,29-11-2019,577
700,Осипов Максим Максимович,20-01-1987,Петровская Амира Тимофеевна,20-08-1995,26-01-2022,367
701,Смирнов Дмитрий Григорьевич,19-04-1990,Хромова Варвара Леоновна,31-08-1986,17-09-2022,745
702,Верещагин Даниил Демидович,22-02-1989,Петрова Аделина Данииловна,09-10-1985,04-09-2019,947
703,Дмитриев Тимофей Михайлович,02-12-1985,Дементьева Екатерина Никитична,02-06-1992,14-11-2023,960
704,Лебедев Тимур Максимович,16-04-1982,Петровская Амира Тимофеевна,14-08-1986,13-10-2018,453
705,Елисеев Денис Никитич,23-01-1988,Петровская Амира Тимофеевна,03-12-1994,05-11-2021,138
706,Королев Владимир Даниилович,03-02-1999,Лобанова Полина Андреевна,08-07-1981,02-08-2021,485
707,Попов Степан Кириллович,29-06-1993,Колесникова Злата Никитична,10-05-1999,25-02-2018,494
708,Иванов Владимир Владиславович,29-02-1992,Зайцева Вероника Саввична,07-04-1994,07-08-2020,922
709,Буров Дмитрий Лукич ,26-07-1987,Кузнецова Ксения Вячеславовна,02-01-1996,03-09-2023,890
710,Иванов Даниил Сергеевич,14-08-1998,Лебедева Мария Егоровна,09-04-1993,12-06-2021,960
711,Левин Артемий Степанович,14-04-1996,Панина Таисия Денисовна,12-07-1989,22-06-2022,549
712,Иванов Даниил Сергеевич,16-01-1988,Петрова Юлия Никитична,14-07-1981,27-07-2023,45
713,Горшков Егор Артёмович,03-05-1981,Антипова София Игоревна,19-07-1996,16-03-2019,170
714,Сергеев Марк Алиевич,04-09-1993,Лаврентьева Таисия Артёмовна,03-05-1983,13-10-2019,771
715,Аникин Фёдор Степанович,16-01-1990,Зайцева Вероника Саввична,22-12-1980,13-08-2019,674
716,Михайлов Артём Андреевич,02-02-1995,Зайцева Виктория Никитична,26-02-1982,09-06-2021,871
717,Титов Артур Артёмович,10-05-1987,Тихомирова Ксения Львовна,22-06-1990,09-02-2019,58
718,Петров Матвей Юрьевич,09-10-1995,Ильина Вероника Олеговна,09-02-1990,10-08-2022,89
719,Муравьев Тимур Андреевич,07-07-1999,Павлова Агата Савельевна,29-01-1981,15-11-2021,767
720,Медведев Артём Ярославович,17-08-1990,Хромова Варвара Леоновна,15-03-1987,18-03-2022,844
721,Васильев Павел Артёмович,23-08-1996,Борисова София Фёдоровна,16-10-1999,20-01-2021,664
722,Булгаков Иван Владимирович,30-05-1999,Лукина Арина Кирилловна,27-01-1998,19-08-2023,124
723,Муравьев Тимур Андреевич,17-10-1984,Комарова Мария Михайловна,10-12-1996,17-08-2023,999
724,Власов Андрей Семёнович,26-07-1996,Латышева Злата Михайловна,27-06-1997,30-07-2022,745
725,Савельев Роман Михайлович,20-11-1990,Суворова Стефания Артёмовна,12-01-1986,07-03-2018,79
726,Титов Артур Артёмович,06-07-1991,Кочеткова Полина Робертовна,23-02-1993,05-09-2023,237
727,Суворов Матвей Богданович,05-11-1997,Павлова Агата Савельевна,11-12-1980,21-07-2018,714
728,Медведев Александр Платонович,03-12-1995,Васильева Анна Сергеевна,07-09-1990,28-10-2021,278
729,Медведев Александр Платонович,25-11-1987,Алексеева Ульяна Тимофеевна,12-01-1995,23-11-2018,627
730,Гусев Богдан Александрович,27-06-1988,Пирогова Агата Ивановна,29-07-1985,25-07-2019,629
731,Булгаков Иван Владимирович,05-10-1986,Андреева Варвара Арсентьевна,10-08-1989,19-08-2018,384
732,Овчинников Владимир Алексеевич,09-07-1992,Петровская Амира Тимофеевна,19-08-1989,01-10-2019,39
733,Фомин Лев Александрович,27-07-1980,Смирнова Дарья Леонидовна,04-01-1992,01-02-2023,812
734,Ширяев Кирилл Ильич,10-12-1989,Кузина Полина Ильинична,21-04-1986,10-11-2022,936
735,Царев Мартин Андреевич,18-07-1991,Крылова Елизавета Владиславовна,24-03-1990,23-11-2021,403
736,Ильин Матвей Максимович,03-05-1999,Макарова София Тимофеевна,09-06-1987,06-10-2022,655
737,Фетисов Кирилл Артемьевич,28-12-1985,Казакова Арина Александровна,14-09-1985,11-12-2019,214
738,Романов Вячеслав Савельевич,13-01-1992,Дементьева Екатерина Лукинична,05-09-1986,16-08-2022,833
739,Казаков Марк Михайлович,30-03-1996,Назарова Ульяна Арсеновна,11-12-1988,22-06-2020,538
740,Смирнов Матвей Максимович,17-01-1985,Трофимова Ангелина Матвеевна,22-06-1993,02-10-2019,16
741,Федоров Вячеслав Юрьевич,17-06-1982,Лукина Арина Кирилловна,08-10-1982,11-06-2022,110
742,Новиков Виктор Маркович,04-10-1988,Зайцева Вероника Саввична,17-05-1996,04-07-2018,232
743,Миронов Фёдор Григорьевич,27-09-1983,Суворова Стефания Артёмовна,15-12-1996,06-05-2018,321
744,Воронин Савелий Иванович,20-02-1981,Павлова Агата Савельевна,14-08-1986,16-11-2021,608
745,Миронов Фёдор Григорьевич,24-05-1992,Назарова Вероника Платоновна,21-05-1999,19-06-2020,532
746,Сорокин Артём Даниилович,07-11-1992,Петровская Амира Тимофеевна,01-08-1992,17-06-2020,373
747,Казанцев Марк Назарович,28-05-1999,Петрова Аделина Данииловна,26-06-1988,06-03-2021,460
748,Родионов Михаил Дмитриевич,07-06-1992,Петрова Юлия Никитична,28-12-1987,27-06-2020,892
749,Смирнов Степан Константинович,03-11-1997,Пахомова Майя Никитична,13-05-1990,02-02-2022,445
750,Ширяев Кирилл Ильич,29-08-1989,Борисова Вероника Савельевна,28-01-1992,14-10-2022,9
751,Калачев Всеволод Леонидович,29-08-1985,Савельева София Мироновна,12-02-1991,03-02-2019,640
752,Егоров Максим Даниилович,10-12-1991,Казакова Арина Александровна,04-06-1990,28-11-2019,440
753,Степанов Андрей Григорьевич,18-07-1989,Суворова Стефания Артёмовна,23-02-1987,06-07-2022,705
754,Мельников Арсений Данилович,04-04-1984,Григорьева Ксения Данииловна,18-06-1997,14-09-2019,457
755,Белоусов Фёдор Даниилович,05-12-1983,Богомолова Лидия Вячеславовна,22-09-1997,27-01-2018,360
756,Дмитриев Тимофей Михайлович,12-05-1989,Смирнова Ясмина Ивановна,09-05-1982,16-02-2019,809
757,Власов Денис Степанович,28-12-1987,Суворова Стефания Артёмовна,31-12-1980,06-07-2020,60
758,Иванов Иван Макарович,11-01-1991,Самойлова Дарина Кирилловна,08-04-1993,13-12-2018,392
759,Власов Денис Степанович,20-01-1986,Назарова Ульяна Арсеновна,19-11-1985,19-06-2023,73
760,Левин Артемий Степанович,18-11-1988,Баранова Дарья Владимировна,14-07-1989,28-12-2018,812
761,Колесов Адам Петрович,31-01-1982,Трофимова Ангелина Матвеевна,03-06-1988,06-08-2020,803
762,Власов Денис Степанович,10-09-1997,Мартынова Полина Ивановна,01-11-1986,15-03-2022,710
763,Казанцев Марк Назарович,02-06-1992,Богомолова Лидия Вячеславовна,11-09-1994,07-01-2021,189
764,Иванов Даниил Сергеевич,30-11-1996,Рябова Елизавета Владимировна,18-11-1988,09-10-2023,307
765,Яковлев Даниил Георгиевич,25-11-1985,Антипова София Игоревна,19-07-1981,30-08-2020,729
766,Власов Андрей Семёнович,30-11-1981,Архипова Варвара Макаровна,13-01-1992,04-07-2022,467
767,Корнилов Олег Вадимович,20-03-1990,Маркова Мария Леоновна,27-02-1983,15-07-2023,924
768,Ильин Матвей Максимович,30-10-1998,Алексеева Ульяна Тимофеевна,25-01-1980,08-06-2019,711
769,Смирнов Лев Михайлович,02-07-1987,Иванова Анна Григорьевна,02-10-1983,29-11-2020,463
770,Левин Артемий Степанович,15-08-1989,Рябова Елизавета Владимировна,08-04-1998,10-02-2023,556
771,Беляков Матвей Егорович,15-05-1986,Антипова София Игоревна,25-05-1992,15-07-2023,215
772,Смирнов Лев Михайлович,06-06-1980,Добрынина Милана Данииловна,17-10-1992,25-03-2023,752
773,Булгаков Иван Владимирович,07-07-1996,Лукина Арина Кирилловна,20-02-1984,17-05-2022,960
774,Кузнецов Михаил Демидович,29-11-1992,Климова Александра Артемьевна,11-06-1987,05-05-2022,555
775,Фомин Лев Александрович,01-12-1987,Смирнова Ясмина Ивановна,08-02-1998,18-02-2022,115
776,Давыдов Иван Матвеевич,08-08-1990,Григорьева Ксения Данииловна,11-01-1984,21-06-2019,115
777,Хромов Кирилл Александрович,17-04-1998,Головина Анисия Михайловна,24-11-1988,14-01-2022,870
778,Власов Андрей Семёнович,31-10-1996,Козлова Ясмина Михайловна,20-09-1980,29-08-2022,106
779,Миронов Фёдор Григорьевич,15-03-1988,Петровская Амира Тимофеевна,12-10-1991,15-07-2019,620
780,Елисеев Денис Никитич,16-12-1984,Кузьмина Айлин Степановна,01-01-1992,09-12-2023,545
781,Ильин Матвей Максимович,31-12-1994,Попова Вера Ивановна,02-10-1993,18-12-2020,220
782,Горшков Егор Артёмович,14-09-1997,Григорьева Ксения Данииловна,24-11-1999,02-07-2018,688
783,Корчагин Даниил Борисович,19-06-1994,Тихомирова Ксения Львовна,26-08-1985,21-05-2023,85
784,Пантелеев Максим Алексеевич,31-01-1993,Мартынова Полина Ивановна,27-01-1990,03-07-2022,794
785,Медведев Александр Платонович,24-05-1989,Самсонова Виктория Степановна,25-04-1986,12-12-2021,553
786,Муравьев Тимур Андреевич,19-11-1989,Николаева Алиса Григорьевна,18-04-1989,19-05-2018,227
787,Беляков Матвей Егорович,03-01-1999,Толкачева Софья Ивановна,13-01-1984,01-09-2023,126
788,Круглов Роман Максимович,26-09-1989,Крылова Елизавета Владиславовна,30-08-1985,10-09-2022,227
789,Иванов Михаил Сергеевич,20-08-1982,Борисова София Фёдоровна,04-01-1985,07-08-2022,29
790,Степанов Андрей Григорьевич,09-09-1988,Зайцева Вероника Саввична,04-03-1986,23-07-2021,554
791,Крючков Алексей Васильевич,23-08-1997,Толкачева Софья Ивановна,02-08-1990,26-09-2023,402
792,Попов Степан Кириллович,23-08-1988,Кузнецова Ксения Вячеславовна,21-06-1995,10-03-2023,918
793,Муравьев Тимур Андреевич,12-10-1994,Лаврентьева Таисия Артёмовна,19-10-1997,18-06-2019,744
794,Федоров Вячеслав Юрьевич,21-05-1998,Зайцева Виктория Никитична,19-12-1998,09-01-2020,583
795,Шестаков Константин Степанович,10-09-1999,Архипова Варвара Макаровна,19-02-1998,08-09-2019,146
796,Белов Евгений Артёмович,31-05-1990,Алексеева Арина Матвеевна,16-04-1993,27-01-2021,919
797,Круглов Роман Максимович,08-04-1990,Петухова Алиса Алексеевна,16-09-1980,24-07-2021,54
798,Фетисов Кирилл Артемьевич,11-11-1992,Смирнова Екатерина Михайловна,09-08-1997,22-01-2023,655
799,Шестаков Константин Степанович,09-04-1980,Суворова Стефания Артёмовна,05-11-1998,27-10-2018,80
800,Васильев Егор Тимофеевич,27-04-1999,Алексеева Ульяна Тимофеевна,03-08-1999,09-06-2019,365
801,Калачев Всеволод Леонидович,23-03-1986,Борисова София Фёдоровна,27-12-1985,24-07-2021,900
802,Осипов Дмитрий Платонович,04-01-1987,Добрынина Милана Данииловна,05-02-1995,06-01-2022,966
803,Власов Денис Степанович,27-07-1989,Лебедева Мария Егоровна,27-03-1980,20-03-2019,867
804,Фомин Лев Александрович,13-05-1997,Богомолова Лидия Вячеславовна,07-04-1988,30-10-2021,442
805,Кочетков Андрей Леонидович,18-08-1985,Борисова Вероника Савельевна,14-09-1990,14-09-2023,416
806,Иванов Михаил Сергеевич,06-10-1998,Григорьева Ксения Данииловна,19-07-1997,23-08-2021,837
807,Винокуров Степан Николаевич,26-09-1997,Латышева Злата Михайловна,13-08-1996,19-03-2021,574
808,Муравьев Тимур Андреевич,06-02-1999,Петухова Алиса Алексеевна,13-09-1995,01-05-2022,237
809,Макаров Давид Артурович,08-11-1989,Нечаева Алёна Александровна,13-11-1997,26-11-2018,546
810,Дубинин Мирон Егорович,01-02-1990,Ермакова Анастасия Павловна,08-12-1980,23-10-2023,790
811,Круглов Роман Максимович,28-02-1999,Смирнова Варвара Борисовна,27-09-1993,15-02-2021,431
812,Казаков Марк Михайлович,27-12-1985,Зайцева Вероника Саввична,01-06-1987,15-01-2022,187
813,Смирнов Матвей Максимович,29-12-1984,Архипова Варвара Макаровна,18-02-1982,29-12-2020,329
814,Медведев Артём Ярославович,03-04-1985,Борисова Вероника Савельевна,19-06-1982,07-05-2023,16
815,Савельев Роман Михайлович,21-12-1989,Козлова Ясмина Михайловна,29-02-1996,15-02-2023,947
816,Петров Матвей Юрьевич,29-09-1991,Иванова Алиса Тихоновна,28-09-1989,12-02-2020,927
817,Винокуров Степан Николаевич,17-03-1992,Кузнецова Ксения Вячеславовна,04-01-1999,27-03-2021,346
818,Марков Максим Александрович,09-07-1991,Петухова Алиса Алексеевна,04-03-1992,26-05-2018,998
819,Медведев Александр Платонович,23-04-1982,Михайлова София Алексеевна,23-05-1996,31-12-2021,853
820,Федоров Вячеслав Юрьевич,09-12-1985,Мартынова Полина Ивановна,03-02-1980,08-01-2021,416
821,Смирнов Степан Константинович,01-08-1981,Павловская Вероника Владимировна,02-03-1998,18-01-2018,270
822,Муравьев Тимур Андреевич,31-10-1989,Петровская Ева Егоровна,11-08-1998,13-02-2020,820
823,Гусев Богдан Александрович,24-05-1981,Степанова Екатерина Владимировна,21-01-1993,16-10-2020,565
824,Яковлев Даниил Георгиевич,04-07-1992,Тихомирова Ксения Львовна,09-10-1986,25-07-2022,410
825,Миронов Фёдор Григорьевич,23-12-1998,Дроздова Марина Михайловна,06-08-1990,22-04-2023,703
826,Хромов Кирилл Александрович,15-03-1993,Зайцева Виктория Никитична,12-10-1990,06-01-2019,654
827,Царев Мартин Андреевич,26-03-1987,Макарова София Тимофеевна,13-06-1996,12-05-2018,751
828,Круглов Роман Максимович,07-06-1992,Рябова Елизавета Владимировна,26-12-1992,27-07-2018,901
829,Власов Денис Степанович,17-05-1981,Борисова София Фёдоровна,29-04-1994,24-10-2022,20
830,Васильев Давид Тимофеевич,11-11-1983,Лукина Арина Кирилловна,21-11-1986,27-05-2021,199
831,Пантелеев Максим Алексеевич,31-03-1993,Алексеева Ульяна Тимофеевна,30-12-1983,18-08-2019,914
832,Шестаков Константин Степанович,17-08-1998,Петровская Амира Тимофеевна,14-05-1980,03-01-2018,575
833,Винокуров Степан Николаевич,05-12-1995,Морозова Ева Данииловна,30-08-1999,22-04-2020,511
834,Иванов Михаил Сергеевич,06-04-1995,Николаева Алиса Григорьевна,20-09-1980,25-03-2022,813
835,Смирнов Лев Михайлович,15-03-1987,Михайлова София Алексеевна,24-04-1983,04-11-2019,257
836,Круглов Роман Максимович,28-05-1982,Самойлова Дарина Кирилловна,18-06-1987,08-03-2021,493
837,Иванов Михаил Сергеевич,28-03-1998,Лобанова Полина Андреевна,01-04-1993,05-07-2018,4
838,Колесов Адам Петрович,26-08-1983,Алексеева Ульяна Тимофеевна,16-11-1993,06-07-2018,363
839,Винокуров Кирилл Алиевич,11-03-1983,Кошелева Эмилия Максимовна,03-09-1991,10-10-2020,436
840,Иванов Владимир Владиславович,19-10-1984,Кузина Полина Ильинична,11-10-1993,15-06-2020,322
841,Колесов Адам Петрович,13-02-1995,Андреева Варвара Арсентьевна,22-04-1992,01-01-2020,443
842,Дубинин Мирон Егорович,25-02-1995,Смирнова Ясмина Ивановна,19-05-1985,23-12-2022,560
843,Белоусов Фёдор Даниилович,01-11-1991,Петровская Амира Тимофеевна,20-02-1984,09-08-2018,641
844,Горбачев Александр Тихонович,08-08-1980,Архипова Варвара Макаровна,07-07-1997,20-11-2023,881
845,Фомин Лев Александрович,17-02-1997,Пахомова Майя Никитична,01-10-1999,04-06-2023,139
846,Медведев Артём Ярославович,10-02-1980,Кошелева Эмилия Максимовна,05-03-1986,10-12-2018,584
847,Винокуров Кирилл Алиевич,14-09-1988,Борисова Вероника Савельевна,15-12-1997,03-01-2022,904
848,Новиков Андрей Денисович,12-04-1980,Крылова Елизавета Владиславовна,14-03-1984,10-05-2019,166
849,Медведев Александр Платонович,25-01-1985,Иванова Дарья Сергеевна,05-11-1989,20-12-2023,779
850,Кононов Виктор Максимович,23-01-1989,Лаврентьева Таисия Артёмовна,27-05-1994,24-03-2020,666
851,Васильев Павел Артёмович,14-06-1997,Михайлова София Алексеевна,28-10-1996,24-01-2023,55
852,Ширяев Кирилл Ильич,24-11-1991,Казакова Арина Александровна,03-03-1980,11-11-2023,361
853,Ильин Матвей Максимович,31-10-1993,Смирнова Дарья Леонидовна,26-11-1994,24-10-2023,370
854,Аникин Фёдор Степанович,21-04-1980,Панина Таисия Денисовна,19-01-1980,18-04-2020,611
855,Осипов Максим Максимович,08-03-1999,Лукина Арина Кирилловна,11-05-1996,04-04-2023,719
856,Ильин Матвей Максимович,17-11-1995,Пахомова Майя Никитична,18-03-1993,23-10-2021,40
857,Колесов Адам Петрович,17-03-1981,Пахомова Майя Никитична,13-03-1989,01-02-2019,33
858,Филатов Лука Андреевич,14-05-1982,Дементьева Екатерина Лукинична,05-07-1999,17-03-2018,231
859,Савельев Роман Михайлович,15-10-1997,Архипова Варвара Макаровна,14-11-1993,17-02-2018,402
860,Верещагин Даниил Демидович,29-11-1999,Климова Александра Артемьевна,08-06-1982,04-02-2023,82
861,Овчинников Владимир Алексеевич,16-10-1988,Розанова Виктория Кирилловна,08-06-1981,25-09-2018,67
862,Попов Степан Кириллович,19-12-1982,Павловская Вероника Владимировна,07-09-1992,12-12-2023,502
863,Пантелеев Максим Алексеевич,17-06-1985,Рябова Елизавета Владимировна,16-04-1993,18-10-2022,755
864,Кузнецов Михаил Демидович,29-07-1981,Латышева Злата Михайловна,30-04-1990,18-03-2022,152
865,Кочетков Андрей Леонидович,04-09-1981,Самсонова Виктория Степановна,31-05-1994,10-10-2021,496
866,Осипов Максим Максимович,18-04-1992,Львова Дарина Марковна,17-02-1987,19-07-2018,809
867,Муратов Вячеслав Дмитриевич,29-07-1983,Кочеткова Полина Робертовна,18-12-1991,17-03-2022,214
868,Винокуров Степан Николаевич,27-07-1995,Трофимова Ангелина Матвеевна,12-03-1983,19-05-2018,926
869,Осипов Максим Максимович,26-07-1991,Семенова Анна Кирилловна,31-03-1992,16-01-2022,870
870,Симонов Савва Дмитриевич,30-07-1986,Кудряшова Полина Алиевна,31-07-1989,10-05-2020,615
871,Сорокин Артём Даниилович,28-06-1991,Князева Валерия Ивановна,15-08-1997,10-09-2020,29
872,Новиков Даниил Матвеевич,25-10-1983,Панина Таисия Денисовна,04-07-1980,16-08-2021,475
873,Смирнов Матвей Максимович,30-06-1993,Павлова Агата Савельевна,23-11-1997,13-06-2020,84
874,Ширяев Кирилл Ильич,09-08-1988,Лобанова Полина Андреевна,21-04-1995,02-08-2018,214
875,Колесов Адам Петрович,06-04-1993,Назарова Вероника Платоновна,22-10-1997,10-11-2023,86
876,Овчинников Владимир Алексеевич,14-12-1984,Лебедева Мария Егоровна,05-08-1984,17-06-2023,507
877,Власов Андрей Семёнович,22-06-1982,Куликова Мелания Платоновна,27-07-1980,14-11-2020,968
878,Фетисов Кирилл Артемьевич,09-04-1998,Ермакова Анастасия Павловна,13-11-1987,16-05-2018,882
879,Фомин Лев Александрович,26-07-1994,Нечаева Алёна Александровна,17-11-1988,18-07-2019,667
880,Колесов Адам Петрович,12-03-1996,Назарова Алина Михайловна,28-09-1986,19-07-2023,334
881,Казанцев Марк Назарович,26-02-1983,Петрова Юлия Никитична,09-01-1994,02-01-2020,259
882,Ефремов Дмитрий Всеволодович,29-10-1984,Богомолова Лидия Вячеславовна,04-07-1985,20-07-2021,323
883,Поликарпов Даниил Петрович,28-01-1999,Павлова Александра Ярославовна,27-04-1989,18-08-2023,623
884,Дубинин Мирон Егорович,12-01-1997,Розанова Виктория Кирилловна,08-01-1999,18-02-2020,915
885,Герасимов Давид Петрович,14-11-1988,Баранова Дарья Владимировна,22-10-1984,18-12-2020,382
886,Казаков Марк Михайлович,08-06-1997,Семенова Анна Кирилловна,15-12-1993,18-06-2022,296
887,Корнилов Олег Вадимович,20-09-1980,Старостина Ульяна Даниэльевна,14-10-1982,10-05-2023,327
888,Ефремов Дмитрий Всеволодович,17-02-1981,Смирнова Дарья Леонидовна,08-12-1991,07-07-2018,83
889,Смирнов Лев Михайлович,30-01-1993,Дубова Ксения Алексеевна,14-01-1993,02-05-2022,445
890,Жуков Андрей Петрович,12-08-1986,Зайцева Виктория Никитична,27-04-1999,25-02-2021,467
891,Дегтярев Илья Тимофеевич,19-03-1987,Кузина Полина Ильинична,11-01-1986,03-06-2019,798
892,Смирнов Дмитрий Григорьевич,23-05-1981,Хромова Варвара Леоновна,31-03-1995,17-12-2023,72
893,Белов Евгений Артёмович,03-10-1991,Петровская Ева Егоровна,02-01-1984,18-03-2019,456
894,Левин Артемий Степанович,22-01-1994,Комарова Мария Михайловна,27-12-1994,10-03-2018,930
895,Данилов Владимир Егорович,08-09-1997,Львова Дарина Марковна,30-10-1987,19-04-2023,510
896,Ефремов Дмитрий Всеволодович,01-09-1999,Маркова Мария Леоновна,24-04-1983,06-03-2018,502
897,Иванов Михаил Сергеевич,23-10-1987,Зайцева Ксения Артемьевна,19-08-1994,17-03-2019,107
898,Сергеев Андрей Иванович,15-12-1994,Петровская Ева Егоровна,02-09-1985,17-08-2018,505
899,Романов Вячеслав Савельевич,10-06-1997,Борисова Вероника Савельевна,15-11-1981,06-03-2023,976
900,Муравьев Тимур Андреевич,21-06-1994,Назарова Ульяна Арсеновна,15-07-1999,28-03-2020,257
901,Волков Герман Степанович,10-04-1993,Латышева Злата Михайловна,21-12-1996,03-09-2021,269
902,Пантелеев Максим Алексеевич,02-12-1984,Кузьмина Айлин Степановна,04-10-1980,18-11-2020,804
903,Смирнов Лев Михайлович,07-03-1983,Михайлова София Алексеевна,17-07-1985,02-01-2021,360
904,Казанцев Марк Назарович,06-02-1990,Зайцева Вероника Саввична,06-07-1983,17-06-2022,823
905,Колесов Адам Петрович,24-12-1982,Пирогова Агата Ивановна,16-04-1991,29-06-2022,317
906,Новиков Андрей Денисович,31-08-1988,Григорьева Ксения Данииловна,21-03-1993,17-03-2021,754
907,Романов Вячеслав Савельевич,20-04-1990,Макарова София Тимофеевна,07-08-1993,04-04-2018,834
908,Королев Владимир Даниилович,15-05-1999,Пирогова Агата Ивановна,16-09-1999,24-10-2023,539
909,Пантелеев Максим Алексеевич,03-06-1981,Павлова Александра Ярославовна,22-12-1983,15-11-2023,526
910,Осипов Дмитрий Платонович,31-12-1987,Семенова Анна Кирилловна,05-06-1993,15-04-2023,631
911,Гусев Богдан Александрович,15-08-1981,Панина Таисия Денисовна,11-07-1992,28-11-2022,45
912,Муравьев Тимур Андреевич,20-12-1997,Куликова Мелания Платоновна,10-07-1997,12-10-2021,845
913,Аникин Фёдор Степанович,13-07-1986,Седова София Игоревна,07-08-1990,27-03-2022,969
914,Казанцев Марк Назарович,13-07-1983,Кузина Полина Ильинична,07-07-1981,09-02-2022,921
915,Князев Марк Вадимович,02-02-1997,Макарова София Тимофеевна,14-09-1984,28-06-2021,702
916,Аникин Фёдор Степанович,02-01-1986,Нечаева Алёна Александровна,11-06-1981,22-01-2022,7
917,Новиков Даниил Матвеевич,09-12-1980,Петрова Аделина Данииловна,12-05-1997,26-02-2021,880
918,Романов Вячеслав Савельевич,27-01-1981,Козлова Ясмина Михайловна,19-01-1996,11-12-2023,864
919,Корнилов Олег Вадимович,28-04-1994,Михайлова София Алексеевна,07-01-1992,02-01-2023,376
920,Елисеев Денис Никитич,28-10-1981,Смирнова Дарья Леонидовна,14-03-1989,01-05-2023,139
921,Казаков Марк Михайлович,21-08-1987,Трофимова Ангелина Матвеевна,11-02-1999,05-02-2019,627
922,Дегтярев Илья Тимофеевич,12-12-1980,Михайлова София Алексеевна,10-04-1991,10-05-2021,291
923,Мельников Арсений Данилович,01-12-1988,Васильева Полина Михайловна,02-09-1997,23-06-2022,390
924,Винокуров Степан Николаевич,27-02-1990,Тихомирова Ксения Львовна,27-03-1984,23-09-2023,551
925,Елисеев Денис Никитич,17-05-1990,Кочеткова Полина Робертовна,03-11-1991,07-03-2018,479
926,Ефремов Дмитрий Всеволодович,31-07-1994,Кошелева Эмилия Максимовна,03-11-1986,11-04-2018,927
927,Королев Владимир Даниилович,21-12-1992,Трофимова Ангелина Матвеевна,22-05-1983,20-04-2018,852
928,Яковлев Даниил Георгиевич,20-01-1980,Иванова Алиса Тихоновна,17-10-1994,19-05-2020,584
929,Смирнов Лев Михайлович,12-05-1989,Павлова Агата Савельевна,04-10-1999,20-08-2018,72
930,Васильев Павел Артёмович,22-06-1989,Крылова Елизавета Владиславовна,26-02-1985,04-08-2023,547
931,Ильин Матвей Максимович,18-02-1983,Медведева София Ильинична,31-03-1997,05-04-2023,404
932,Жуков Андрей Петрович,01-01-1996,Толкачева Софья Ивановна,08-11-1998,22-01-2022,558
933,Филатов Лука Андреевич,31-05-1998,Лобанова Полина Андреевна,25-08-1990,30-01-2022,705
934,Гусев Станислав Викторович,10-02-1995,Петухова Алиса Алексеевна,11-05-1987,24-01-2020,612
935,Ефремов Дмитрий Всеволодович,13-07-1993,Попова Вера Ивановна,03-03-1990,11-04-2022,595
936,Фетисов Кирилл Артемьевич,23-05-1993,Крылова Елизавета Владиславовна,22-05-1999,07-08-2023,746
937,Симонов Савва Дмитриевич,14-12-1996,Суворова Стефания Артёмовна,27-01-1991,04-07-2018,352
938,Сергеев Марк Алиевич,06-11-1998,Рябова Елизавета Владимировна,03-10-1982,15-10-2022,669
939,Родионов Михаил Дмитриевич,21-03-1992,Степанова Екатерина Владимировна,26-04-1991,25-05-2018,18
940,Осипов Максим Максимович,04-09-1992,Алексеева Ульяна Тимофеевна,29-07-1981,05-01-2022,326
941,Крючков Алексей Васильевич,01-11-1984,Дементьева Екатерина Лукинична,16-06-1984,19-04-2022,877
942,Симонов Савва Дмитриевич,01-12-1999,Трофимова Ангелина Матвеевна,09-03-1998,13-06-2020,752
943,Симонов Савва Дмитриевич,08-02-1997,Хромова Варвара Леоновна,04-12-1998,11-03-2020,407
944,Родионов Михаил Дмитриевич,29-04-1997,Ильина Вероника Олеговна,04-08-1981,12-11-2021,843
945,Кононов Виктор Максимович,12-02-1983,Иванова Дарья Сергеевна,19-05-1980,07-09-2019,308
946,Иванов Иван Макарович,02-04-1998,Ершова София Максимовна,23-01-1989,06-03-2023,746
947,Пантелеев Максим Алексеевич,24-07-1985,Хромова Варвара Леоновна,06-12-1993,28-12-2022,661
948,Воронин Савелий Иванович,15-04-1980,Козлова Ясмина Михайловна,23-12-1994,08-03-2021,769
949,Миронов Фёдор Григорьевич,17-01-1980,Павловская Вероника Владимировна,21-04-1990,18-12-2020,444
950,Новиков Виктор Маркович,06-02-1980,Мартынова Полина Ивановна,14-11-1981,21-10-2022,1000
951,Макаров Тимур Артёмович,18-12-1993,Князева Валерия Ивановна,21-11-1986,25-10-2018,360
952,Молчанов Иван Максимович,25-10-1982,Лаврентьева Таисия Артёмовна,18-04-1999,02-06-2021,413
953,Макаров Тимур Артёмович,20-07-1982,Степанова Екатерина Владимировна,22-03-1999,18-12-2019,340
954,Дегтярев Илья Тимофеевич,11-04-1987,Павловская Вероника Владимировна,18-01-1998,10-05-2021,752
955,Винокуров Степан Николаевич,19-05-1992,Ермакова Анастасия Павловна,30-05-1986,24-07-2022,663
956,Новиков Виктор Маркович,25-12-1981,Борисова София Фёдоровна,01-11-1986,19-08-2021,63
957,Белоусов Фёдор Даниилович,08-01-1983,Козлова Ясмина Михайловна,30-03-1980,26-11-2020,151
958,Ефремов Дмитрий Всеволодович,04-08-1995,Николаева Алиса Григорьевна,13-12-1991,15-02-2021,516
959,Смирнов Степан Константинович,12-04-1993,Васильева Анна Сергеевна,01-09-1996,16-05-2018,518
960,Иванов Владимир Владиславович,13-11-1980,Мартынова Полина Ивановна,10-08-1982,25-03-2020,282
961,Смирнов Дмитрий Григорьевич,05-11-1990,Смирнова Дарья Леонидовна,31-01-1986,27-04-2018,638
962,Кузнецов Михаил Демидович,30-03-1994,Колесникова Злата Никитична,12-04-1981,02-09-2019,178
963,Суворов Матвей Богданович,30-06-1983,Богомолова Лидия Вячеславовна,14-01-1991,18-10-2019,309
964,Воронин Савелий Иванович,13-10-1997,Тихомирова Ксения Львовна,16-08-1991,19-05-2019,524
965,Воробьев Савва Павлович,13-11-1992,Назарова Ульяна Арсеновна,28-12-1989,07-07-2023,429
966,Макаров Давид Артурович,13-06-1988,Алексеева Ульяна Тимофеевна,29-04-1990,05-02-2022,499
967,Пименов Демид Валерьевич,13-11-1981,Маркова Мария Леоновна,07-05-1987,14-10-2021,388
968,Жуков Андрей Петрович,02-06-1998,Васильева Полина Михайловна,12-10-1985,24-02-2020,809
969,Власов Денис Степанович,14-07-1993,Павлова Александра Ярославовна,07-02-1995,18-07-2022,138
970,Фомин Лев Александрович,07-06-1983,Дроздова Марина Михайловна,11-02-1981,18-01-2021,682
971,Симонов Савва Дмитриевич,11-08-1997,Кудряшова Полина Алиевна,10-09-1988,06-10-2018,789
972,Фомин Лев Александрович,10-03-1981,Зайцева Виктория Никитична,18-05-1988,28-12-2018,615
973,Колесов Адам Петрович,08-06-1980,Казакова Арина Александровна,16-01-1993,02-01-2022,459
974,Аникин Фёдор Степанович,10-02-1981,Маркова Мария Леоновна,07-05-1982,31-03-2023,789
975,Муравьев Тимур Андреевич,22-10-1996,Лукина Арина Кирилловна,11-12-1994,05-04-2021,538
976,Давыдов Иван Матвеевич,06-12-1994,Баранова Дарья Владимировна,20-07-1988,13-12-2019,442
977,Васильев Давид Тимофеевич,28-02-1983,Кузина Полина Ильинична,26-01-1982,20-12-2020,703
978,Дегтярев Илья Тимофеевич,02-07-1987,Петрова Юлия Никитична,09-08-1988,08-11-2020,270
979,Иванов Владимир Владиславович,29-04-1998,Самойлова Дарина Кирилловна,25-08-1981,28-06-2023,38
980,Давыдов Иван Матвеевич,22-07-1992,Иванова Алиса Тихоновна,18-12-1999,07-04-2018,346
981,Миронов Фёдор Григорьевич,19-06-1999,Васильева Полина Михайловна,18-08-1998,12-06-2020,299
982,Беляков Матвей Егорович,25-04-1993,Зайцева Вероника Саввична,08-02-1988,21-09-2021,216
983,Булгаков Иван Владимирович,02-07-1999,Лобанова Полина Андреевна,15-05-1981,10-11-2023,776
984,Новиков Даниил Матвеевич,25-07-1986,Куликова Дарья Георгиевна,02-12-1982,25-12-2018,906
985,Поликарпов Даниил Петрович,06-09-1982,Трофимова Ангелина Матвеевна,10-06-1996,25-06-2020,534
986,Савельев Роман Михайлович,22-09-1981,Емельянова Арина Артёмовна,10-03-1980,16-03-2020,875
987,Винокуров Кирилл Алиевич,08-02-1983,Зайцева Ксения Артемьевна,27-08-1989,06-10-2021,279
988,Кочетков Андрей Леонидович,23-06-1989,Вавилова Маргарита Никитична,13-06-1995,20-08-2019,456
989,Королев Владимир Даниилович,10-06-1995,Петровская Ева Егоровна,19-02-1993,20-12-2021,424
990,Воронин Савелий Иванович,17-08-1994,Морозова Ева Данииловна,05-01-1997,22-10-2018,613
991,Медведев Артём Ярославович,07-10-1991,Смирнова Екатерина Михайловна,23-02-1982,15-04-2022,658
992,Горбачев Александр Тихонович,15-03-1982,Николаева Алиса Григорьевна,12-07-1990,07-11-2018,567
993,Винокуров Кирилл Алиевич,09-05-1983,Ермакова Анастасия Павловна,12-12-1985,03-11-2021,997
994,Суворов Матвей Богданович,30-05-1989,Ильина Вероника Олеговна,20-03-1987,28-01-2020,11
995,Филатов Лука Андреевич,12-04-1989,Добрынина Милана Данииловна,26-01-1999,28-05-2023,102
996,Попов Степан Кириллович,25-02-1983,Назарова Ульяна Арсеновна,14-11-1980,13-05-2022,669
997,Осипов Дмитрий Платонович,17-12-1985,Зайцева Вероника Саввична,14-06-1994,15-10-2022,729
998,Князев Марк Вадимович,11-11-1988,Кузина Полина Ильинична,28-08-1997,04-11-2018,549
999,Муратов Вячеслав Дмитриевич,06-07-1997,Павлова Агата Савельевна,19-12-1990,24-04-2019,628
