,0,1,2,3,4,5,6
0,347.0,Дегтярев Илья Тимофеевич,13-11-1997,Назарова Вероника Платоновна,07-07-1981,22-01-2020,2
1,481.0,Колесов Адам Петрович,29-10-1996,Михеева Аделина Елисеевна,20-10-1999,23-05-2020,3
2,313.0,Корчагин Даниил Борисович,09-10-1986,Ильина Вероника Олеговна,18-05-1984,02-07-2022,4
3,443.0,Михайлов Артём Андреевич,05-10-1984,Смирнова Ясмина Ивановна,25-05-1993,06-09-2018,4
4,385.0,Романов Вячеслав Савельевич,21-07-1989,Седова София Игоревна,24-05-1991,05-02-2019,4
5,147.0,Калачев Всеволод Леонидович,09-06-1997,Савельева София Мироновна,13-11-1984,21-03-2023,6
6,285.0,Левин Артемий Степанович,08-06-1999,Назарова Ульяна Арсеновна,09-02-1982,19-02-2019,6
7,335.0,Суворов Матвей Богданович,25-02-1990,Толкачева Софья Ивановна,26-03-1997,26-01-2020,6
8,80.0,Федоров Вячеслав Юрьевич,05-08-1996,Михайлова София Алексеевна,05-09-1989,30-06-2023,6
9,50.0,Булгаков Иван Владимирович,13-03-1998,Смирнова Дарья Леонидовна,19-08-1998,15-04-2023,8
10,438.0,Иванов Михаил Сергеевич,19-09-1985,Кудряшова Полина Алиевна,14-10-1983,01-10-2021,8
11,223.0,Медведев Артём Ярославович,19-04-1986,Розанова Виктория Кирилловна,26-12-1999,25-02-2020,9
12,179.0,Филатов Лука Андреевич,16-03-1996,Кошелева Эмилия Максимовна,26-03-1982,25-03-2023,11
13,211.0,Колесов Адам Петрович,13-08-1982,Николаева Алиса Григорьевна,27-10-1980,16-08-2020,13
14,471.0,Макаров Тимур Артёмович,03-10-1993,Казакова Арина Александровна,31-01-1985,31-07-2019,13
15,462.0,Новиков Андрей Денисович,25-01-1994,Михеева Аделина Елисеевна,27-08-1996,23-02-2023,13
16,250.0,Смирнов Лев Михайлович,09-02-1985,Крылова Елизавета Владиславовна,01-06-1982,02-02-2021,14
17,317.0,Марков Максим Александрович,01-08-1986,Кошелева Эмилия Максимовна,31-07-1982,17-01-2019,19
18,84.0,Васильев Давид Тимофеевич,26-09-1990,Кудряшова Полина Алиевна,05-02-1987,28-05-2018,20
19,260.0,Власов Денис Степанович,15-10-1983,Козлова Мария Алексеевна,18-10-1999,14-03-2018,20
20,237.0,Дубинин Мирон Егорович,08-12-1989,Тихомирова Ксения Львовна,05-07-1988,29-09-2019,21
21,361.0,Молчанов Иван Максимович,17-05-1984,Васильева Полина Михайловна,18-03-1995,01-02-2021,21
22,227.0,Фомин Лев Александрович,14-03-1990,Самсонова Виктория Степановна,09-12-1984,26-09-2019,21
23,478.0,Симонов Савва Дмитриевич,07-10-1995,Хромова Варвара Леоновна,10-11-1983,01-01-2020,24
24,322.0,Кузнецов Михаил Демидович,25-03-1981,Зайцева Вероника Саввична,06-01-1986,28-09-2023,26
25,359.0,Титов Артур Артёмович,20-08-1983,Лебедева Мария Егоровна,28-10-1990,25-05-2022,26
26,255.0,Винокуров Степан Николаевич,29-10-1987,Хромова Варвара Леоновна,02-08-1992,04-04-2019,27
27,301.0,Дубинин Мирон Егорович,22-08-1984,Андреева Варвара Арсентьевна,28-09-1983,02-01-2018,27
28,339.0,Петров Матвей Юрьевич,31-07-1995,Архипова Варвара Макаровна,23-03-1991,11-10-2019,29
29,103.0,Казанцев Марк Назарович,14-01-1999,Попова Вера Ивановна,09-03-1981,06-03-2020,30
30,11.0,Федоров Вячеслав Юрьевич,12-06-1999,Смирнова Стефания Всеволодовна,22-09-1990,17-10-2018,30
31,363.0,Давыдов Иван Матвеевич,11-12-1992,Латышева Злата Михайловна,24-03-1999,25-05-2022,31
32,112.0,Жуков Андрей Петрович,22-10-1986,Григорьева Алиса Марковна,21-06-1997,30-04-2018,32
33,59.0,Сергеев Андрей Иванович,27-08-1981,Дроздова Марина Михайловна,27-12-1984,27-07-2020,32
34,384.0,Филатов Лука Андреевич,24-09-1999,Семенова Анна Кирилловна,16-10-1984,05-10-2021,32
35,107.0,Гусев Богдан Александрович,21-07-1984,Колесникова Злата Никитична,15-04-1994,15-05-2023,33
36,235.0,Елисеев Денис Никитич,22-02-1985,Петухова Алиса Алексеевна,11-05-1985,10-12-2019,33
37,307.0,Поликарпов Даниил Петрович,16-12-1985,Ермакова Анастасия Павловна,17-08-1981,12-04-2020,33
38,196.0,Иванов Даниил Сергеевич,07-02-1985,Пирогова Агата Ивановна,25-04-1986,11-10-2023,35
39,277.0,Федоров Вячеслав Юрьевич,26-11-1991,Павлова Агата Савельевна,21-11-1985,11-08-2022,35
40,78.0,Симонов Савва Дмитриевич,20-09-1988,Павлова Александра Ярославовна,29-07-1999,03-05-2021,36
41,62.0,Степанов Андрей Григорьевич,27-09-1993,Тихомирова Ксения Львовна,26-12-1988,13-12-2019,38
42,405.0,Царев Мартин Андреевич,20-02-1984,Старостина Ульяна Даниэльевна,06-09-1983,18-03-2018,38
43,389.0,Медведев Александр Платонович,02-10-1986,Тихомирова Ксения Львовна,24-01-1984,27-08-2021,42
44,350.0,Смирнов Дамир Даниилович,20-10-1987,Семенова Анна Кирилловна,30-09-1995,24-06-2022,45
45,230.0,Верещагин Даниил Демидович,10-01-1991,Козлова Ясмина Михайловна,12-07-1980,30-01-2019,47
46,244.0,Осипов Дмитрий Платонович,26-03-1988,Старостина Ульяна Даниэльевна,20-03-1980,16-03-2020,47
47,388.0,Данилов Владимир Егорович,24-03-1981,Дементьева Екатерина Лукинична,29-03-1993,07-01-2022,48
48,254.0,Константинов Артемий Викторович,25-06-1987,Дубова Ксения Алексеевна,05-04-1982,29-09-2022,48
49,214.0,Верещагин Даниил Демидович,16-03-1998,Кононова Алина Георгиевна,24-03-1987,30-04-2019,49
50,140.0,Казаков Марк Михайлович,29-03-1995,Макарова София Тимофеевна,13-03-1996,30-07-2023,50
51,491.0,Титов Артур Артёмович,14-01-1993,Смирнова Екатерина Михайловна,29-05-1985,19-07-2020,52
52,356.0,Яковлев Даниил Георгиевич,10-05-1986,Назарова Алина Михайловна,09-04-1993,17-03-2021,54
53,117.0,Макаров Тимур Артёмович,18-12-1987,Алексеева Ульяна Тимофеевна,24-12-1987,09-04-2020,55
54,224.0,Федоров Вячеслав Юрьевич,21-11-1989,Зайцева Виктория Никитична,22-01-1986,21-03-2020,56
55,138.0,Королев Владимир Даниилович,20-08-1995,Алексеева Ульяна Тимофеевна,21-02-1992,16-05-2019,58
56,218.0,Казанцев Марк Назарович,03-08-1980,Смирнова Стефания Всеволодовна,26-01-1988,07-02-2018,60
57,0.0,Иванов Владимир Владиславович,23-09-1999,Дубова Ксения Алексеевна,06-09-1984,12-12-2021,62
58,397.0,Винокуров Степан Николаевич,23-06-1991,Назарова Ульяна Арсеновна,05-09-1996,12-11-2021,67
59,327.0,Константинов Артемий Викторович,01-03-1996,Старостина Ульяна Даниэльевна,03-12-1985,24-12-2018,67
60,34.0,Михайлов Артём Андреевич,31-08-1990,Степанова Екатерина Владимировна,25-06-1986,19-11-2022,68
61,398.0,Смирнов Лев Михайлович,20-02-1992,Кошелева Эмилия Максимовна,08-03-1987,15-02-2018,68
62,165.0,Царев Мартин Андреевич,12-08-1998,Кузнецова Ксения Вячеславовна,24-04-1986,18-08-2018,69
63,493.0,Ширяев Кирилл Ильич,21-09-1986,Иванова Алиса Тихоновна,04-05-1980,18-07-2020,69
64,109.0,Осипов Дмитрий Платонович,01-03-1990,Розанова Виктория Кирилловна,24-06-1999,12-07-2021,70
65,1.0,Новиков Виктор Маркович,06-08-1990,Петрова Аделина Данииловна,27-09-1986,26-05-2021,71
66,324.0,Иванов Михаил Сергеевич,12-03-1989,Бабушкина Амина Давидовна,19-12-1994,22-04-2020,72
67,321.0,Муратов Вячеслав Дмитриевич,08-02-1993,Смирнова Дарья Леонидовна,24-01-1996,15-07-2021,72
68,32.0,Овчинников Владимир Алексеевич,12-02-1989,Лукина Арина Кирилловна,11-04-1990,13-03-2022,77
69,332.0,Савельев Роман Михайлович,13-09-1984,Борисова София Фёдоровна,16-07-1992,23-10-2023,79
70,355.0,Смирнов Матвей Максимович,31-05-1996,Зайцева Вероника Саввична,12-01-1980,23-07-2022,79
71,341.0,Корчагин Даниил Борисович,09-02-1996,Ильина Вероника Олеговна,08-02-1999,25-02-2021,80
72,201.0,Иванов Михаил Сергеевич,25-04-1995,Седова София Игоревна,30-10-1995,30-01-2023,81
73,225.0,Ширяев Кирилл Ильич,11-12-1984,Трофимова Ангелина Матвеевна,17-03-1996,11-07-2023,81
74,485.0,Мельников Арсений Данилович,18-05-1996,Петрова Аделина Данииловна,07-11-1983,19-04-2018,82
75,394.0,Соловьев Илья Денисович,02-03-1994,Петухова Алиса Алексеевна,15-01-1983,21-02-2020,82
76,318.0,Сергеев Андрей Иванович,26-04-1990,Казакова Арина Александровна,16-03-1999,19-11-2018,83
77,448.0,Титов Артур Артёмович,07-01-1993,Пирогова Агата Ивановна,23-03-1993,23-02-2023,83
78,419.0,Князев Марк Вадимович,16-05-1994,Нечаева Алёна Александровна,02-12-1982,25-05-2018,84
79,183.0,Герасимов Давид Петрович,17-12-1990,Васильева Полина Михайловна,26-07-1981,22-08-2020,85
80,451.0,Верещагин Даниил Демидович,08-09-1992,Кузьмина Айлин Степановна,25-10-1995,24-12-2020,86
81,14.0,Титов Артур Артёмович,18-05-1991,Самойлова Дарина Кирилловна,16-03-1997,04-01-2018,88
82,137.0,Ефремов Дмитрий Всеволодович,09-06-1981,Лебедева Мария Егоровна,27-03-1987,06-12-2023,90
83,65.0,Ильин Матвей Максимович,17-07-1982,Кудряшова Полина Алиевна,10-12-1989,02-03-2020,90
84,495.0,Савельев Роман Михайлович,21-03-1999,Лукина Арина Кирилловна,29-08-1981,18-06-2022,92
85,354.0,Власов Андрей Семёнович,04-04-1982,Ершова София Максимовна,05-11-1983,03-09-2018,93
86,455.0,Винокуров Степан Николаевич,09-01-1997,Колесникова Злата Никитична,25-12-1990,05-12-2020,94
87,64.0,Дегтярев Илья Тимофеевич,02-06-1984,Павловская Вероника Владимировна,06-02-1999,12-06-2018,95
88,418.0,Миронов Фёдор Григорьевич,15-07-1992,Пахомова Майя Никитична,10-01-1988,11-01-2022,95
89,293.0,Елисеев Денис Никитич,29-05-1984,Ершова София Максимовна,05-04-1998,29-06-2023,97
90,412.0,Поликарпов Даниил Петрович,10-05-1984,Васильева Полина Михайловна,22-10-1987,17-08-2020,97
91,115.0,Фомин Лев Александрович,28-05-1990,Кузина Полина Ильинична,11-06-1999,23-07-2021,98
92,48.0,Муравьев Тимур Андреевич,12-03-1998,Антипова София Игоревна,19-09-1994,02-01-2020,99
93,365.0,Смирнов Дмитрий Григорьевич,16-07-1987,Ершова София Максимовна,17-10-1980,13-01-2019,99
94,181.0,Крючков Алексей Васильевич,15-01-1991,Рябова Елизавета Владимировна,03-11-1983,14-09-2023,102
95,95.0,Левин Артемий Степанович,28-09-1986,Григорьева Алиса Марковна,02-09-1999,28-10-2019,102
96,381.0,Степанов Андрей Григорьевич,09-07-1996,Назарова Вероника Платоновна,25-05-1998,20-04-2023,102
97,257.0,Власов Андрей Семёнович,12-04-1989,Лукина Арина Кирилловна,25-12-1990,22-09-2022,104
98,99.0,Колесов Адам Петрович,11-12-1987,Колосова Виктория Дмитриевна,15-11-1996,21-03-2023,104
99,233.0,Пименов Демид Валерьевич,08-07-1999,Васильева Полина Михайловна,16-05-1986,09-11-2021,105
100,428.0,Сергеев Марк Алиевич,21-09-1988,Петрова Юлия Никитична,29-07-1981,23-01-2023,106
101,308.0,Муравьев Тимур Андреевич,06-08-1990,Дементьева Екатерина Никитична,28-12-1995,24-08-2021,107
102,118.0,Смирнов Матвей Максимович,11-12-1987,Морозова Дарина Артёмовна,19-10-1995,30-06-2019,111
103,283.0,Герасимов Давид Петрович,02-07-1987,Маркова Мария Леоновна,10-02-1983,01-01-2018,112
104,170.0,Данилов Владимир Егорович,31-10-1981,Петухова Алиса Алексеевна,07-01-1987,03-01-2018,112
105,264.0,Медведев Александр Платонович,10-05-1982,Князева Валерия Ивановна,11-03-1990,14-06-2018,113
106,263.0,Михайлов Артём Андреевич,30-03-1998,Крылова Елизавета Владиславовна,24-03-1984,14-11-2023,113
107,92.0,Аникин Фёдор Степанович,02-03-1991,Алексеева Ульяна Тимофеевна,31-03-1992,19-02-2023,114
108,469.0,Фомин Лев Александрович,16-08-1992,Старостина Ульяна Даниэльевна,30-12-1985,28-09-2023,114
109,294.0,Смирнов Дмитрий Григорьевич,16-07-1997,Кузнецова Ксения Вячеславовна,01-04-1988,19-06-2023,115
110,400.0,Смирнов Лев Михайлович,16-01-1982,Смирнова Дарья Леонидовна,17-06-1981,10-03-2018,115
111,358.0,Иванов Иван Макарович,26-05-1986,Павлова Агата Савельевна,25-10-1998,25-06-2020,116
112,326.0,Смирнов Матвей Максимович,02-09-1981,Куликова Дарья Георгиевна,23-01-1989,27-07-2019,116
113,422.0,Константинов Артемий Викторович,17-11-1984,Петухова Алиса Алексеевна,26-07-1981,16-01-2020,118
114,498.0,Смирнов Степан Константинович,17-05-1993,Макарова София Тимофеевна,02-03-1987,29-03-2019,118
115,169.0,Князев Марк Вадимович,16-06-1998,Козлова Ясмина Михайловна,14-10-1983,06-09-2019,121
116,189.0,Сорокин Артём Даниилович,06-05-1987,Архипова Варвара Макаровна,04-05-1997,26-05-2019,122
117,426.0,Жуков Андрей Петрович,28-10-1987,Антипова София Игоревна,16-04-1984,07-12-2021,124
118,243.0,Осипов Максим Максимович,08-04-1988,Емельянова Арина Артёмовна,02-03-1986,30-01-2022,124
119,408.0,Сергеев Андрей Иванович,02-10-1996,Павлова Александра Ярославовна,08-01-1986,23-11-2020,124
120,401.0,Титов Артур Артёмович,05-12-1996,Михайлова София Алексеевна,29-10-1992,25-03-2022,126
121,8.0,Корнилов Олег Вадимович,29-01-1999,Алексеева Ульяна Тимофеевна,28-08-1991,17-02-2018,128
122,106.0,Герасимов Давид Петрович,27-05-1994,Дубова Ксения Алексеевна,30-07-1999,11-04-2023,132
123,234.0,Смирнов Дамир Даниилович,04-09-1987,Смирнова Екатерина Михайловна,21-11-1983,02-11-2023,132
124,362.0,Булгаков Иван Владимирович,20-05-1990,Казакова Арина Александровна,19-10-1987,29-03-2018,134
125,437.0,Иванов Владимир Владиславович,18-06-1985,Зайцева Виктория Никитична,08-02-1992,03-06-2019,135
126,309.0,Марков Максим Александрович,02-06-1994,Добрынина Милана Данииловна,06-04-1982,12-08-2022,135
127,314.0,Филатов Лука Андреевич,11-10-1993,Куликова Мелания Платоновна,26-10-1994,13-09-2023,136
128,302.0,Данилов Владимир Егорович,28-05-1998,Назарова Ульяна Арсеновна,13-02-1985,10-12-2022,137
129,286.0,Корчагин Даниил Борисович,03-08-1998,Медведева София Ильинична,26-09-1997,04-04-2018,137
130,304.0,Осипов Максим Максимович,23-09-1995,Емельянова Арина Артёмовна,27-12-1994,04-02-2021,138
131,265.0,Поликарпов Даниил Петрович,10-01-1987,Андреева Варвара Арсентьевна,05-01-1997,27-10-2019,138
132,42.0,Елисеев Денис Никитич,27-06-1992,Смирнова Ясмина Ивановна,21-03-1985,03-11-2021,139
133,73.0,Медведев Артём Ярославович,02-11-1980,Петухова Алиса Алексеевна,20-06-1990,04-12-2019,141
134,436.0,Молчанов Иван Максимович,06-10-1986,Головина Анисия Михайловна,25-12-1996,12-04-2020,142
135,116.0,Герасимов Давид Петрович,19-06-1991,Смирнова Дарья Леонидовна,01-10-1981,20-12-2023,143
136,251.0,Герасимов Давид Петрович,24-09-1982,Алексеева Ульяна Тимофеевна,16-08-1981,19-11-2023,144
137,153.0,Елисеев Денис Никитич,30-07-1984,Емельянова Арина Артёмовна,01-01-1982,14-03-2019,144
138,487.0,Власов Андрей Семёнович,13-08-1980,Зайцева Виктория Никитична,01-07-1992,22-07-2023,147
139,12.0,Иванов Даниил Сергеевич,13-03-1990,Добрынина Милана Данииловна,20-02-1998,11-03-2023,147
140,200.0,Винокуров Кирилл Алиевич,25-08-1984,Мартынова Полина Ивановна,01-04-1995,05-03-2022,152
141,258.0,Кочетков Андрей Леонидович,05-10-1984,Кузьмина Айлин Степановна,26-12-1996,18-02-2018,153
142,28.0,Миронов Фёдор Григорьевич,04-09-1993,Смирнова Ясмина Ивановна,03-04-1984,30-10-2018,153
143,240.0,Попов Вячеслав Михайлович,05-02-1987,Маркова Мария Леоновна,29-10-1998,01-09-2022,154
144,340.0,Аникин Фёдор Степанович,30-01-1992,Михайлова София Алексеевна,29-09-1994,21-06-2021,156
145,432.0,Новиков Виктор Маркович,16-05-1981,Князева Валерия Ивановна,07-03-1993,18-01-2022,157
146,424.0,Пименов Демид Валерьевич,18-11-1981,Богомолова Лидия Вячеславовна,10-04-1990,20-07-2021,157
147,31.0,Казаков Марк Михайлович,10-09-1981,Петрова Аделина Данииловна,17-06-1993,22-06-2018,158
148,305.0,Пименов Демид Валерьевич,31-07-1998,Старостина Ульяна Даниэльевна,11-08-1998,18-12-2022,159
149,86.0,Смирнов Дмитрий Григорьевич,30-03-1986,Колосова Виктория Дмитриевна,14-10-1986,02-11-2019,159
150,464.0,Федоров Вячеслав Юрьевич,30-12-1991,Лобанова Полина Андреевна,05-07-1997,17-01-2018,159
151,380.0,Левин Артемий Степанович,07-07-1996,Зайцева Виктория Никитична,10-02-1983,20-03-2021,160
152,414.0,Яковлев Даниил Георгиевич,07-02-1994,Трофимова Ангелина Матвеевна,24-05-1988,26-01-2018,160
153,346.0,Царев Мартин Андреевич,10-02-1997,Крылова Елизавета Владиславовна,24-05-1989,07-09-2019,164
154,423.0,Белов Евгений Артёмович,02-10-1992,Суворова Стефания Артёмовна,14-06-1988,27-07-2020,165
155,149.0,Елисеев Денис Никитич,21-10-1997,Степанова Екатерина Владимировна,22-08-1998,10-08-2022,166
156,247.0,Аникин Фёдор Степанович,30-12-1998,Смирнова Екатерина Михайловна,28-12-1997,17-02-2019,167
157,427.0,Дегтярев Илья Тимофеевич,14-03-1989,Вавилова Маргарита Никитична,23-08-1988,22-01-2020,167
158,300.0,Ильин Матвей Максимович,26-05-1999,Лукина Арина Кирилловна,15-08-1997,07-06-2020,167
159,458.0,Иванов Иван Макарович,16-10-1991,Дубова Ксения Алексеевна,14-07-1995,13-06-2021,168
160,449.0,Давыдов Иван Матвеевич,21-09-1987,Крылова Елизавета Владиславовна,01-06-1996,27-06-2022,170
161,430.0,Поликарпов Даниил Петрович,25-11-1995,Маркова Мария Леоновна,22-07-1985,14-03-2022,170
162,334.0,Соловьев Илья Денисович,06-12-1989,Степанова Екатерина Владимировна,11-06-1986,07-04-2022,171
163,232.0,Винокуров Кирилл Алиевич,29-06-1998,Добрынина Милана Данииловна,27-05-1982,23-12-2022,173
164,298.0,Булгаков Иван Владимирович,17-04-1984,Емельянова Арина Артёмовна,14-12-1995,06-11-2020,174
165,207.0,Сергеев Марк Алиевич,05-02-1985,Назарова Алина Михайловна,19-01-1999,17-05-2018,174
166,453.0,Сорокин Артём Даниилович,02-09-1988,Семенова Анна Кирилловна,12-11-1985,05-12-2023,175
167,288.0,Горбачев Александр Тихонович,05-02-1989,Зайцева Ксения Артемьевна,13-11-1984,24-04-2022,176
168,130.0,Воробьев Савва Павлович,03-02-1990,Иванова Дарья Сергеевна,11-12-1983,20-04-2020,177
169,411.0,Воронин Савелий Иванович,18-09-1998,Михайлова София Алексеевна,08-10-1993,29-04-2023,177
170,105.0,Медведев Александр Платонович,08-12-1998,Хромова Варвара Леоновна,30-09-1991,02-01-2020,178
171,472.0,Макаров Тимур Артёмович,04-11-1994,Головина Анисия Михайловна,20-09-1994,15-03-2023,179
172,93.0,Медведев Артём Ярославович,06-06-1993,Самсонова Виктория Степановна,11-12-1994,24-01-2023,179
173,249.0,Иванов Владимир Владиславович,14-03-1986,Ермакова Анастасия Павловна,29-06-1981,09-04-2022,180
174,441.0,Федоров Вячеслав Юрьевич,02-09-1987,Латышева Злата Михайловна,13-03-1992,21-01-2023,182
175,49.0,Яковлев Даниил Георгиевич,04-11-1986,Самсонова Виктория Степановна,21-07-1999,11-08-2021,182
176,256.0,Медведев Александр Платонович,19-09-1998,Кононова Алина Георгиевна,03-01-1998,24-04-2019,183
177,344.0,Смирнов Дмитрий Григорьевич,17-01-1988,Смирнова Варвара Борисовна,10-08-1989,09-05-2023,183
178,383.0,Герасимов Давид Петрович,22-06-1985,Колосова Виктория Дмитриевна,26-11-1982,16-11-2021,184
179,108.0,Медведев Артём Ярославович,13-04-1991,Кузнецова Ксения Вячеславовна,09-07-1984,17-08-2018,186
180,60.0,Соловьев Илья Денисович,04-02-1994,Петровская Ева Егоровна,20-03-1995,01-03-2023,186
181,474.0,Степанов Андрей Григорьевич,07-04-1996,Лукина Арина Кирилловна,09-02-1991,22-01-2023,186
182,87.0,Жуков Андрей Петрович,19-12-1995,Иванова Анна Григорьевна,30-05-1993,16-07-2020,187
183,228.0,Кононов Виктор Максимович,24-01-1982,Бабушкина Амина Давидовна,18-04-1983,06-06-2020,187
184,25.0,Кочетков Андрей Леонидович,19-06-1988,Маркова Мария Леоновна,03-10-1996,12-11-2020,187
185,252.0,Савельев Роман Михайлович,16-12-1992,Маркова Мария Леоновна,27-10-1996,21-02-2022,189
186,392.0,Яковлев Даниил Георгиевич,20-06-1983,Рябова Елизавета Владимировна,05-06-1991,03-11-2022,189
187,69.0,Фетисов Кирилл Артемьевич,31-05-1998,Назарова Алина Михайловна,09-01-1987,03-08-2023,190
188,98.0,Белоусов Фёдор Даниилович,02-12-1995,Кузнецова Ксения Вячеславовна,17-12-1988,24-10-2022,193
189,456.0,Горбачев Александр Тихонович,12-02-1991,Смирнова Дарья Леонидовна,09-02-1995,10-12-2023,193
190,209.0,Князев Марк Вадимович,28-01-1989,Петрова Аделина Данииловна,27-10-1984,26-05-2023,193
191,26.0,Дубинин Мирон Егорович,29-05-1989,Назарова Алина Михайловна,02-06-1985,12-04-2020,194
192,125.0,Смирнов Лев Михайлович,29-10-1990,Назарова Вероника Платоновна,08-09-1980,01-02-2020,194
193,4.0,Яковлев Даниил Георгиевич,10-01-1986,Смирнова Екатерина Михайловна,18-05-1984,30-07-2021,196
194,440.0,Князев Марк Вадимович,15-12-1998,Богомолова Лидия Вячеславовна,22-06-1984,28-01-2018,197
195,261.0,Макаров Давид Артурович,17-11-1995,Павлова Агата Савельевна,16-07-1985,10-03-2021,197
196,24.0,Поликарпов Даниил Петрович,25-12-1980,Назарова Вероника Платоновна,22-06-1985,18-09-2022,198
197,175.0,Воробьев Савва Павлович,24-09-1999,Алексеева Ульяна Тимофеевна,21-10-1999,26-06-2019,199
198,122.0,Царев Мартин Андреевич,22-06-1995,Петухова Алиса Алексеевна,11-01-1982,22-12-2022,200
199,460.0,Васильев Давид Тимофеевич,02-03-1995,Петрова Юлия Никитична,03-09-1991,06-11-2022,201
200,44.0,Иванов Владимир Владиславович,19-06-1989,Пирогова Агата Ивановна,19-10-1990,21-01-2021,204
201,368.0,Иванов Владимир Владиславович,23-01-1981,Колесникова Злата Никитична,21-03-1987,21-08-2019,205
202,141.0,Макаров Тимур Артёмович,13-05-1986,Крылова Елизавета Владиславовна,18-05-1989,09-04-2023,205
203,203.0,Молчанов Иван Максимович,27-10-1993,Ершова София Максимовна,06-12-1992,05-02-2022,205
204,289.0,Медведев Артём Ярославович,30-09-1993,Вишневская Алисия Андреевна,22-10-1988,03-03-2023,207
205,110.0,Романов Вячеслав Савельевич,26-12-1988,Зайцева Ксения Артемьевна,20-12-1997,28-05-2020,207
206,297.0,Сорокин Артём Даниилович,08-02-1994,Иванова Алиса Тихоновна,12-09-1982,17-05-2021,207
207,190.0,Лебедев Тимур Максимович,14-12-1999,Комарова Мария Михайловна,02-04-1981,20-07-2022,208
208,120.0,Пантелеев Максим Алексеевич,01-02-1991,Кошелева Эмилия Максимовна,27-03-1999,03-09-2018,209
209,91.0,Муратов Вячеслав Дмитриевич,08-06-1999,Лобанова Полина Андреевна,08-09-1981,26-07-2020,210
210,270.0,Волков Герман Степанович,07-10-1987,Кононова Алина Георгиевна,13-02-1983,15-04-2022,211
211,55.0,Иванов Владимир Владиславович,28-12-1991,Ермакова Анастасия Павловна,06-04-1981,05-12-2019,212
212,10.0,Сорокин Артём Даниилович,30-08-1981,Вавилова Маргарита Никитична,15-09-1987,09-12-2022,212
213,81.0,Шестаков Константин Степанович,29-07-1994,Казакова Арина Александровна,03-12-1992,27-02-2020,212
214,5.0,Гусев Богдан Александрович,30-12-1997,Старостина Ульяна Даниэльевна,08-09-1992,28-11-2019,213
215,292.0,Иванов Владимир Владиславович,16-10-1988,Морозова Дарина Артёмовна,27-04-1981,07-08-2020,213
216,482.0,Казанцев Марк Назарович,20-05-1992,Дементьева Екатерина Никитична,01-09-1982,07-02-2021,213
217,94.0,Осипов Дмитрий Платонович,30-09-1993,Бабушкина Амина Давидовна,11-09-1988,21-08-2022,214
218,21.0,Новиков Андрей Денисович,11-01-1991,Зайцева Вероника Саввична,29-01-1983,27-04-2020,215
219,182.0,Федоров Вячеслав Юрьевич,04-08-1998,Смирнова Ясмина Ивановна,05-12-1985,10-12-2020,216
220,337.0,Макаров Давид Артурович,05-12-1991,Емельянова Арина Артёмовна,21-08-1990,14-06-2021,220
221,259.0,Корчагин Даниил Борисович,06-09-1981,Медведева София Ильинична,18-03-1996,05-01-2022,221
222,167.0,Соловьев Илья Денисович,11-05-1986,Григорьева Ксения Данииловна,16-04-1982,27-04-2018,222
223,29.0,Мельников Арсений Данилович,23-03-1989,Ильина Вероника Олеговна,22-10-1997,18-02-2021,224
224,278.0,Винокуров Кирилл Алиевич,09-07-1986,Добрынина Милана Данииловна,24-02-1989,14-08-2018,225
225,461.0,Сорокин Артём Даниилович,03-10-1983,Нечаева Алёна Александровна,14-06-1983,24-11-2023,225
226,41.0,Герасимов Давид Петрович,18-11-1995,Львова Дарина Марковна,17-05-1994,19-01-2021,229
227,459.0,Королев Владимир Даниилович,03-05-1988,Пирогова Агата Ивановна,08-05-1994,07-12-2021,229
228,199.0,Кононов Виктор Максимович,02-08-1994,Ильина Вероника Олеговна,19-01-1988,02-12-2020,234
229,193.0,Филатов Лука Андреевич,14-05-1993,Борисова София Фёдоровна,10-07-1985,27-05-2023,234
230,121.0,Яковлев Даниил Георгиевич,07-04-1983,Седова София Игоревна,03-10-1993,05-02-2019,235
231,136.0,Белов Евгений Артёмович,04-09-1993,Козлова Мария Алексеевна,11-09-1991,11-09-2022,236
232,470.0,Корчагин Даниил Борисович,25-11-1985,Архипова Варвара Макаровна,20-12-1996,11-10-2018,236
233,210.0,Царев Мартин Андреевич,01-01-1983,Павлова Александра Ярославовна,28-11-1998,18-04-2019,237
234,67.0,Овчинников Владимир Алексеевич,09-04-1994,Кудряшова Полина Алиевна,08-06-1991,28-12-2018,238
235,15.0,Васильев Егор Тимофеевич,01-02-1992,Лебедева Мария Егоровна,25-03-1989,26-08-2022,240
236,421.0,Лебедев Тимур Максимович,14-04-1981,Ермакова Анастасия Павловна,04-01-1998,01-09-2021,240
237,212.0,Поликарпов Даниил Петрович,07-10-1983,Крылова Елизавета Владиславовна,10-06-1980,10-01-2021,240
238,185.0,Осипов Максим Максимович,25-08-1990,Толкачева Софья Ивановна,27-08-1988,22-01-2023,241
239,36.0,Соловьев Илья Денисович,25-04-1986,Львова Дарина Марковна,15-03-1990,01-09-2019,242
240,378.0,Савельев Роман Михайлович,19-01-1986,Кононова Алина Георгиевна,29-08-1995,25-05-2020,247
241,97.0,Иванов Даниил Сергеевич,01-10-1999,Князева Валерия Ивановна,15-09-1985,02-06-2018,248
242,83.0,Титов Артур Артёмович,16-08-1982,Зайцева Вероника Саввична,11-05-1980,17-04-2020,250
243,245.0,Новиков Виктор Маркович,05-03-1988,Павлова Александра Ярославовна,11-09-1992,22-08-2018,252
244,393.0,Пименов Демид Валерьевич,24-10-1987,Пахомова Майя Никитична,28-12-1984,20-02-2021,252
245,457.0,Буров Дмитрий Лукич ,09-12-1982,Петухова Алиса Алексеевна,17-02-1992,03-06-2020,253
246,2.0,Корнилов Олег Вадимович,21-02-1999,Куликова Мелания Платоновна,26-11-1985,06-11-2022,254
247,17.0,Воронин Савелий Иванович,15-11-1987,Макарова София Тимофеевна,28-12-1980,17-07-2021,257
248,275.0,Иванов Иван Макарович,07-03-1998,Лаврентьева Таисия Артёмовна,22-04-1994,25-11-2019,258
249,126.0,Волков Герман Степанович,24-01-1991,Тихомирова Ксения Львовна,11-03-1985,01-02-2023,261
250,51.0,Смирнов Матвей Максимович,29-08-1982,Петровская Амира Тимофеевна,18-10-1993,13-11-2018,263
251,463.0,Дегтярев Илья Тимофеевич,11-12-1986,Панина Таисия Денисовна,26-05-1995,03-12-2019,264
252,82.0,Поликарпов Даниил Петрович,31-03-1996,Крылова Елизавета Владиславовна,13-11-1982,20-12-2021,265
253,489.0,Беляков Матвей Егорович,12-11-1996,Вавилова Маргарита Никитична,28-11-1997,09-06-2023,266
254,43.0,Смирнов Дамир Даниилович,06-05-1992,Дементьева Екатерина Никитична,18-04-1991,10-08-2018,266
255,479.0,Филатов Лука Андреевич,20-08-1998,Кудряшова Полина Алиевна,05-03-1980,21-12-2020,267
256,164.0,Корнилов Олег Вадимович,14-02-1985,Добрынина Милана Данииловна,12-05-1998,07-07-2021,270
257,226.0,Ильин Матвей Максимович,03-06-1996,Назарова Алина Михайловна,29-10-1983,20-02-2022,271
258,135.0,Родионов Михаил Дмитриевич,26-02-1984,Михайлова София Алексеевна,30-12-1992,03-01-2020,271
259,124.0,Царев Мартин Андреевич,08-03-1980,Старостина Ульяна Даниэльевна,26-12-1990,13-02-2019,271
260,416.0,Макаров Давид Артурович,17-08-1995,Алексеева Арина Матвеевна,12-08-1984,05-03-2023,272
261,343.0,Винокуров Кирилл Алиевич,01-06-1992,Крылова Елизавета Владиславовна,22-06-1992,23-12-2021,273
262,473.0,Данилов Владимир Егорович,27-02-1980,Медведева София Ильинична,03-04-1981,22-08-2018,274
263,56.0,Поликарпов Даниил Петрович,18-05-1988,Бабушкина Амина Давидовна,05-01-1990,26-02-2018,275
264,490.0,Фомин Лев Александрович,10-12-1999,Михеева Аделина Елисеевна,04-12-1992,16-06-2023,275
265,229.0,Миронов Фёдор Григорьевич,21-09-1990,Иванова Анна Григорьевна,13-04-1983,21-08-2019,278
266,13.0,Верещагин Даниил Демидович,22-10-1994,Смирнова Ясмина Ивановна,28-04-1980,22-06-2019,279
267,231.0,Титов Артур Артёмович,22-08-1991,Козлова Ясмина Михайловна,23-09-1985,20-05-2023,281
268,311.0,Левин Артемий Степанович,26-05-1988,Петухова Алиса Алексеевна,24-11-1992,23-07-2020,282
269,338.0,Белоусов Фёдор Даниилович,24-10-1992,Петухова Алиса Алексеевна,21-07-1991,07-05-2022,283
270,377.0,Васильев Егор Тимофеевич,04-06-1999,Медведева София Ильинична,14-08-1998,15-09-2022,283
271,403.0,Смирнов Дамир Даниилович,01-09-1991,Трофимова Ангелина Матвеевна,24-06-1999,27-06-2018,283
272,370.0,Медведев Александр Платонович,20-07-1984,Смирнова Ясмина Ивановна,08-04-1997,09-05-2021,284
273,176.0,Симонов Савва Дмитриевич,22-09-1990,Нечаева Алёна Александровна,07-09-1994,20-06-2021,287
274,215.0,Михайлов Артём Андреевич,24-02-1988,Петрова Аделина Данииловна,08-01-1998,18-01-2022,291
275,351.0,Царев Мартин Андреевич,06-11-1991,Смирнова Ясмина Ивановна,02-09-1993,12-09-2019,291
276,171.0,Горбачев Александр Тихонович,10-08-1993,Добрынина Милана Данииловна,27-08-1983,02-09-2022,292
277,139.0,Дмитриев Тимофей Михайлович,11-05-1999,Степанова Екатерина Владимировна,28-05-1982,16-11-2021,292
278,476.0,Осипов Дмитрий Платонович,08-10-1994,Васильева Анна Сергеевна,07-08-1998,25-06-2022,292
279,369.0,Васильев Егор Тимофеевич,25-07-1994,Дементьева Екатерина Никитична,04-01-1983,24-02-2018,293
280,333.0,Константинов Артемий Викторович,26-11-1986,Смирнова Ясмина Ивановна,07-12-1984,20-07-2022,293
281,23.0,Попов Вячеслав Михайлович,16-06-1994,Алексеева Ульяна Тимофеевна,20-04-1983,11-12-2021,293
282,151.0,Попов Вячеслав Михайлович,15-04-1997,Медведева София Ильинична,27-05-1998,12-12-2018,294
283,446.0,Горшков Егор Артёмович,04-12-1991,Смирнова Стефания Всеволодовна,14-12-1982,11-06-2020,295
284,63.0,Попов Степан Кириллович,12-01-1996,Князева Валерия Ивановна,04-10-1992,04-04-2022,297
285,267.0,Волков Герман Степанович,18-07-1997,Лаврентьева Таисия Артёмовна,14-03-1987,22-12-2022,298
286,373.0,Петров Матвей Юрьевич,27-04-1980,Алексеева Ульяна Тимофеевна,26-01-1988,15-03-2019,298
287,53.0,Жуков Андрей Петрович,07-10-1993,Назарова Алина Михайловна,13-05-1996,21-12-2018,299
288,454.0,Михайлов Артём Андреевич,27-07-1986,Емельянова Арина Артёмовна,14-04-1996,21-10-2018,299
289,202.0,Кузнецов Михаил Демидович,14-08-1990,Лебедева Мария Егоровна,26-08-1989,24-02-2018,300
290,391.0,Поликарпов Даниил Петрович,18-01-1987,Назарова Вероника Платоновна,05-07-1992,20-05-2019,307
291,61.0,Корнилов Олег Вадимович,21-10-1996,Козлова Ясмина Михайловна,10-05-1998,04-08-2021,310
292,310.0,Новиков Даниил Матвеевич,07-02-1992,Головина Анисия Михайловна,28-10-1991,05-05-2023,310
293,168.0,Кононов Виктор Максимович,23-01-1994,Колосова Виктория Дмитриевна,30-03-1984,12-09-2021,312
294,360.0,Симонов Савва Дмитриевич,10-03-1981,Павлова Александра Ярославовна,11-11-1988,23-09-2021,312
295,349.0,Елисеев Денис Никитич,16-12-1986,Назарова Вероника Платоновна,11-11-1987,11-08-2020,313
296,177.0,Смирнов Дамир Даниилович,25-04-1995,Васильева Анна Сергеевна,18-06-1984,24-02-2019,313
297,367.0,Колесов Адам Петрович,23-08-1981,Иванова Дарья Сергеевна,23-02-1989,16-11-2020,314
298,486.0,Гусев Богдан Александрович,25-04-1983,Колесникова Злата Никитична,09-08-1984,06-04-2019,316
299,101.0,Власов Денис Степанович,31-05-1993,Назарова Ульяна Арсеновна,22-03-1983,23-06-2023,317
300,20.0,Круглов Роман Максимович,21-11-1985,Кузьмина Айлин Степановна,11-08-1982,02-05-2020,318
301,38.0,Овчинников Владимир Алексеевич,05-03-1988,Дубова Ксения Алексеевна,23-10-1983,09-06-2023,318
302,312.0,Гусев Богдан Александрович,31-01-1994,Павлова Агата Савельевна,30-06-1993,09-04-2021,321
303,47.0,Яковлев Даниил Георгиевич,05-05-1990,Дементьева Екатерина Никитична,18-01-1980,06-11-2018,322
304,217.0,Муравьев Тимур Андреевич,10-03-1999,Павлова Александра Ярославовна,17-02-1992,09-06-2023,323
305,450.0,Иванов Иван Макарович,31-08-1984,Бабушкина Амина Давидовна,30-04-1996,02-12-2020,324
306,477.0,Ширяев Кирилл Ильич,18-08-1986,Смирнова Дарья Леонидовна,25-04-1982,27-11-2021,324
307,188.0,Дубинин Мирон Егорович,16-06-1988,Латышева Злата Михайловна,29-03-1991,04-07-2018,325
308,186.0,Смирнов Степан Константинович,11-12-1992,Назарова Ульяна Арсеновна,12-08-1986,02-01-2020,325
309,342.0,Белоусов Фёдор Даниилович,07-05-1999,Вавилова Маргарита Никитична,08-04-1988,10-09-2018,326
310,291.0,Поликарпов Даниил Петрович,15-04-1984,Назарова Алина Михайловна,07-05-1984,27-05-2019,327
311,269.0,Ширяев Кирилл Ильич,16-02-1991,Николаева Алиса Григорьевна,08-07-1996,19-12-2020,327
312,442.0,Васильев Павел Артёмович,02-10-1981,Борисова Вероника Савельевна,19-10-1988,24-08-2020,329
313,434.0,Крючков Алексей Васильевич,20-10-1985,Тихомирова Ксения Львовна,15-05-1995,02-06-2023,329
314,123.0,Поликарпов Даниил Петрович,03-09-1984,Павловская Вероника Владимировна,14-06-1992,22-05-2020,329
315,387.0,Буров Дмитрий Лукич ,13-09-1998,Кузина Полина Ильинична,22-07-1984,10-09-2023,330
316,494.0,Горшков Егор Артёмович,06-02-1998,Крылова Елизавета Владиславовна,23-04-1996,17-10-2021,330
317,54.0,Колесов Адам Петрович,19-08-1989,Михайлова София Алексеевна,13-02-1995,07-05-2020,330
318,238.0,Муравьев Тимур Андреевич,01-08-1988,Морозова Дарина Артёмовна,01-05-1984,04-04-2019,332
319,328.0,Смирнов Дмитрий Григорьевич,17-05-1990,Мартынова Полина Ивановна,16-01-1983,08-11-2018,332
320,58.0,Смирнов Степан Константинович,21-08-1981,Толкачева Софья Ивановна,22-09-1980,21-12-2019,333
321,187.0,Егоров Максим Даниилович,30-10-1984,Назарова Ульяна Арсеновна,01-07-1989,18-11-2020,335
322,290.0,Макаров Давид Артурович,04-11-1986,Кузнецова Ксения Вячеславовна,26-12-1999,19-11-2018,335
323,386.0,Власов Андрей Семёнович,27-03-1982,Комарова Мария Михайловна,24-09-1995,11-10-2023,338
324,206.0,Гусев Богдан Александрович,07-10-1980,Лобанова Полина Андреевна,26-03-1997,12-11-2021,338
325,348.0,Соловьев Илья Денисович,18-01-1981,Петрова Аделина Данииловна,11-06-1987,12-11-2020,338
326,132.0,Новиков Андрей Денисович,02-04-1998,Попова Вера Ивановна,16-01-1995,20-10-2022,339
327,242.0,Степанов Андрей Григорьевич,15-12-1992,Лаврентьева Таисия Артёмовна,01-11-1996,09-03-2021,340
328,323.0,Ефремов Дмитрий Всеволодович,17-03-1991,Вишневская Алисия Андреевна,20-05-1985,01-09-2020,341
329,184.0,Савельев Роман Михайлович,04-12-1987,Казакова Арина Александровна,06-12-1985,09-06-2018,342
330,316.0,Медведев Александр Платонович,15-08-1980,Зайцева Ксения Артемьевна,16-06-1988,14-08-2022,344
331,382.0,Воробьев Савва Павлович,22-09-1981,Назарова Ульяна Арсеновна,21-02-1996,24-07-2021,345
332,90.0,Герасимов Давид Петрович,09-12-1987,Седова София Игоревна,29-09-1988,01-09-2022,345
333,366.0,Волков Герман Степанович,26-11-1994,Смирнова Екатерина Михайловна,30-11-1986,08-04-2020,347
334,357.0,Дубинин Мирон Егорович,07-04-1995,Добрынина Милана Данииловна,24-09-1984,28-04-2022,347
335,364.0,Дубинин Мирон Егорович,20-02-1988,Попова Вера Ивановна,24-09-1991,06-06-2023,348
336,119.0,Родионов Михаил Дмитриевич,01-07-1988,Козлова Ясмина Михайловна,27-04-1982,11-08-2018,348
337,303.0,Волков Герман Степанович,14-11-1984,Нечаева Алёна Александровна,05-10-1987,26-09-2021,351
338,467.0,Макаров Тимур Артёмович,06-11-1985,Павлова Агата Савельевна,04-10-1989,02-01-2018,356
339,299.0,Миронов Фёдор Григорьевич,24-01-1994,Князева Валерия Ивановна,06-11-1993,17-07-2021,356
340,156.0,Суворов Матвей Богданович,06-03-1991,Нечаева Алёна Александровна,02-03-1993,29-01-2022,356
341,3.0,Смирнов Дамир Даниилович,13-12-1997,Князева Валерия Ивановна,11-03-1981,17-09-2019,357
342,396.0,Дубинин Мирон Егорович,11-03-1994,Пахомова Майя Никитична,04-06-1991,23-07-2018,360
343,444.0,Белов Евгений Артёмович,12-07-1992,Князева Валерия Ивановна,06-11-1998,16-12-2020,361
344,276.0,Смирнов Дмитрий Григорьевич,20-11-1994,Рябова Елизавета Владимировна,26-04-1994,02-08-2021,361
345,128.0,Ильин Матвей Максимович,11-12-1989,Князева Валерия Ивановна,20-07-1990,30-08-2018,362
346,131.0,Власов Андрей Семёнович,20-06-1990,Вавилова Маргарита Никитична,06-03-1998,18-03-2021,365
347,162.0,Царев Мартин Андреевич,02-12-1996,Зайцева Ксения Артемьевна,06-08-1987,09-09-2021,365
348,371.0,Смирнов Дмитрий Григорьевич,12-05-1993,Кузнецова Ксения Вячеславовна,27-01-1989,29-01-2018,366
349,129.0,Смирнов Степан Константинович,15-07-1993,Григорьева Ксения Данииловна,29-04-1985,10-03-2022,366
350,282.0,Яковлев Даниил Георгиевич,23-10-1994,Савельева София Мироновна,03-09-1998,14-08-2019,366
351,39.0,Аникин Фёдор Степанович,01-06-1992,Назарова Вероника Платоновна,12-07-1995,08-03-2021,367
352,142.0,Волков Герман Степанович,23-08-1982,Комарова Мария Михайловна,20-04-1995,02-04-2018,367
353,88.0,Ильин Матвей Максимович,23-08-1993,Кузина Полина Ильинична,18-07-1989,08-10-2018,367
354,46.0,Кононов Виктор Максимович,04-09-1997,Вишневская Алисия Андреевна,23-05-1996,24-06-2019,367
355,273.0,Шестаков Константин Степанович,18-05-1995,Борисова Вероника Савельевна,12-09-1993,06-04-2021,367
356,161.0,Попов Степан Кириллович,01-02-1987,Степанова Екатерина Владимировна,17-09-1981,28-10-2019,368
357,376.0,Титов Артур Артёмович,28-02-1980,Козлова Мария Алексеевна,10-05-1986,27-07-2023,368
358,146.0,Горшков Егор Артёмович,03-12-1987,Кононова Алина Георгиевна,30-05-1985,29-10-2020,373
359,465.0,Дубинин Мирон Егорович,29-01-1984,Смирнова Варвара Борисовна,08-01-1985,12-10-2023,374
360,74.0,Кочетков Андрей Леонидович,14-07-1980,Куликова Мелания Платоновна,03-06-1995,18-02-2020,375
361,262.0,Медведев Артём Ярославович,11-08-1988,Назарова Вероника Платоновна,07-09-1984,07-12-2021,380
362,306.0,Смирнов Дмитрий Григорьевич,26-05-1996,Назарова Вероника Платоновна,07-12-1990,27-06-2022,380
363,296.0,Горшков Егор Артёмович,07-08-1993,Михеева Аделина Елисеевна,10-12-1997,06-02-2019,381
364,143.0,Дубинин Мирон Егорович,12-09-1994,Львова Дарина Марковна,16-11-1987,21-05-2018,382
365,35.0,Петров Матвей Юрьевич,07-02-1986,Алексеева Ульяна Тимофеевна,20-05-1993,17-11-2023,382
366,336.0,Казанцев Марк Назарович,08-11-1998,Кудряшова Полина Алиевна,26-02-1992,17-11-2023,383
367,114.0,Корчагин Даниил Борисович,20-05-1989,Павлова Агата Савельевна,02-06-1981,29-07-2022,384
368,163.0,Жуков Андрей Петрович,09-06-1987,Хромова Варвара Леоновна,20-04-1992,23-10-2022,385
369,466.0,Фетисов Кирилл Артемьевич,29-09-1980,Павловская Вероника Владимировна,20-08-1995,04-04-2018,385
370,447.0,Смирнов Степан Константинович,16-07-1988,Крылова Елизавета Владиславовна,11-02-1997,19-09-2018,386
371,429.0,Новиков Андрей Денисович,05-12-1989,Савельева София Мироновна,14-10-1983,10-11-2018,387
372,353.0,Шестаков Константин Степанович,30-04-1989,Старостина Ульяна Даниэльевна,08-06-1983,01-12-2018,387
373,160.0,Васильев Егор Тимофеевич,07-01-1984,Толкачева Софья Ивановна,23-04-1999,24-08-2021,392
374,40.0,Федоров Вячеслав Юрьевич,21-07-1982,Хромова Варвара Леоновна,01-11-1990,24-08-2019,392
375,271.0,Федоров Вячеслав Юрьевич,01-12-1989,Старостина Ульяна Даниэльевна,07-03-1983,09-06-2020,395
376,133.0,Иванов Михаил Сергеевич,03-04-1983,Лобанова Полина Андреевна,18-11-1986,06-03-2020,396
377,166.0,Сергеев Марк Алиевич,05-03-1990,Колосова Виктория Дмитриевна,21-06-1990,12-09-2020,396
378,281.0,Гусев Станислав Викторович,18-08-1985,Лобанова Полина Андреевна,05-10-1991,14-03-2018,397
379,406.0,Новиков Андрей Денисович,10-03-1991,Петухова Алиса Алексеевна,06-10-1985,18-01-2020,397
380,352.0,Новиков Виктор Маркович,18-03-1989,Емельянова Арина Артёмовна,30-05-1982,03-11-2023,398
381,27.0,Лебедев Тимур Максимович,11-08-1982,Дементьева Екатерина Лукинична,04-03-1991,29-05-2020,400
382,127.0,Титов Артур Артёмович,21-03-1999,Андреева Варвара Арсентьевна,21-12-1987,26-12-2021,400
383,488.0,Новиков Виктор Маркович,08-12-1995,Смирнова Варвара Борисовна,04-09-1986,15-09-2023,402
384,329.0,Ефремов Дмитрий Всеволодович,17-04-1990,Иванова Алиса Тихоновна,21-07-1987,07-11-2021,403
385,315.0,Иванов Михаил Сергеевич,01-10-1997,Дроздова Марина Михайловна,27-01-1992,05-09-2019,403
386,399.0,Степанов Андрей Григорьевич,10-08-1993,Лаврентьева Таисия Артёмовна,04-10-1982,03-05-2018,405
387,150.0,Степанов Андрей Григорьевич,23-08-1996,Климова Александра Артемьевна,18-12-1997,12-12-2023,405
388,499.0,Власов Денис Степанович,14-11-1993,Назарова Алина Михайловна,20-01-1990,11-12-2018,406
389,100.0,Макаров Давид Артурович,03-07-1987,Медведева София Ильинична,27-07-1992,18-02-2018,406
390,475.0,Шестаков Константин Степанович,06-01-1988,Емельянова Арина Артёмовна,19-01-1993,22-04-2018,407
391,157.0,Степанов Андрей Григорьевич,21-12-1988,Медведева София Ильинична,20-08-1990,09-06-2019,408
392,433.0,Казанцев Марк Назарович,12-04-1990,Старостина Ульяна Даниэльевна,02-07-1999,18-09-2023,409
393,241.0,Дегтярев Илья Тимофеевич,26-03-1983,Павлова Агата Савельевна,24-09-1999,15-05-2023,410
394,445.0,Жуков Андрей Петрович,19-04-1984,Куликова Дарья Георгиевна,12-02-1984,28-03-2023,412
395,7.0,Мельников Арсений Данилович,08-03-1997,Нечаева Алёна Александровна,07-08-1993,28-05-2018,412
396,22.0,Попов Вячеслав Михайлович,03-01-1989,Медведева София Ильинична,13-07-1985,10-12-2022,412
397,37.0,Смирнов Дамир Даниилович,18-09-1983,Львова Дарина Марковна,27-08-1988,25-12-2019,412
398,468.0,Буров Дмитрий Лукич ,06-05-1981,Борисова София Фёдоровна,21-03-1998,04-04-2023,416
399,213.0,Белоусов Фёдор Даниилович,07-10-1989,Семенова Анна Кирилловна,17-11-1994,01-09-2023,417
400,180.0,Макаров Давид Артурович,09-07-1989,Богомолова Лидия Вячеславовна,24-07-1997,19-03-2023,417
401,96.0,Савельев Роман Михайлович,13-09-1981,Васильева Анна Сергеевна,15-11-1981,31-08-2020,417
402,208.0,Соловьев Илья Денисович,07-02-1994,Николаева Алиса Григорьевна,29-08-1990,21-07-2019,417
403,178.0,Васильев Давид Тимофеевич,14-05-1983,Крылова Елизавета Владиславовна,26-04-1992,07-08-2021,420
404,216.0,Кузнецов Михаил Демидович,12-06-1997,Семенова Анна Кирилловна,22-08-1983,09-08-2021,420
405,174.0,Осипов Дмитрий Платонович,27-05-1980,Смирнова Екатерина Михайловна,17-03-1986,25-07-2019,420
406,480.0,Корчагин Даниил Борисович,20-09-1989,Назарова Ульяна Арсеновна,30-06-1995,20-07-2022,422
407,6.0,Винокуров Степан Николаевич,05-08-1981,Суворова Стефания Артёмовна,16-08-1981,06-10-2022,424
408,152.0,Пантелеев Максим Алексеевич,08-01-1997,Петровская Амира Тимофеевна,04-10-1985,21-01-2019,424
409,155.0,Петров Матвей Юрьевич,18-01-1983,Ермакова Анастасия Павловна,02-08-1991,21-12-2018,424
410,266.0,Елисеев Денис Никитич,18-08-1989,Тихомирова Ксения Львовна,24-01-1986,14-03-2021,425
411,159.0,Иванов Владимир Владиславович,17-03-1996,Мартынова Полина Ивановна,30-05-1980,25-06-2021,425
412,111.0,Муратов Вячеслав Дмитриевич,11-12-1995,Колосова Виктория Дмитриевна,17-03-1981,14-10-2018,425
413,194.0,Попов Вячеслав Михайлович,01-10-1986,Иванова Анна Григорьевна,13-02-1996,30-06-2019,425
414,410.0,Дегтярев Илья Тимофеевич,18-01-1983,Бабушкина Амина Давидовна,30-12-1989,26-02-2021,427
415,320.0,Симонов Савва Дмитриевич,25-01-1999,Борисова Вероника Савельевна,16-07-1992,24-06-2023,427
416,76.0,Беляков Матвей Егорович,30-08-1997,Макарова София Тимофеевна,05-07-1981,26-12-2021,428
417,68.0,Макаров Тимур Артёмович,15-02-1994,Баранова Дарья Владимировна,16-03-1982,14-10-2022,431
418,452.0,Михайлов Артём Андреевич,11-10-1981,Петровская Ева Егоровна,26-12-1994,21-08-2018,431
419,319.0,Белоусов Фёдор Даниилович,18-04-1999,Дементьева Екатерина Никитична,15-10-1995,28-01-2023,432
420,221.0,Ильин Матвей Максимович,21-04-1988,Петровская Амира Тимофеевна,04-06-1997,23-01-2019,432
421,404.0,Корчагин Даниил Борисович,05-04-1997,Колесникова Злата Никитична,25-03-1985,21-01-2018,433
422,16.0,Иванов Иван Макарович,04-07-1988,Ильина Вероника Олеговна,06-06-1989,05-03-2018,435
423,75.0,Попов Вячеслав Михайлович,23-11-1999,Емельянова Арина Артёмовна,11-04-1990,28-08-2022,436
424,205.0,Сергеев Андрей Иванович,09-05-1996,Михеева Аделина Елисеевна,03-06-1980,30-04-2021,436
425,104.0,Смирнов Дамир Даниилович,17-03-1984,Лебедева Мария Егоровна,02-10-1985,10-03-2019,436
426,204.0,Миронов Фёдор Григорьевич,08-04-1984,Антипова София Игоревна,28-05-1992,11-03-2018,437
427,219.0,Смирнов Матвей Максимович,09-11-1999,Кузина Полина Ильинична,06-09-1985,12-07-2021,438
428,274.0,Царев Мартин Андреевич,10-08-1993,Климова Александра Артемьевна,11-02-1991,05-08-2019,438
429,325.0,Иванов Иван Макарович,28-06-1996,Морозова Дарина Артёмовна,30-09-1988,31-01-2022,439
430,145.0,Овчинников Владимир Алексеевич,11-11-1987,Пахомова Майя Никитична,17-07-1998,14-12-2019,439
431,173.0,Смирнов Дмитрий Григорьевич,14-01-1997,Трофимова Ангелина Матвеевна,12-09-1980,10-12-2021,439
432,79.0,Попов Вячеслав Михайлович,10-04-1987,Старостина Ульяна Даниэльевна,02-03-1983,08-12-2021,440
433,372.0,Васильев Егор Тимофеевич,14-10-1983,Баранова Дарья Владимировна,02-03-1991,21-07-2021,442
434,375.0,Осипов Дмитрий Платонович,28-07-1993,Хромова Варвара Леоновна,16-11-1994,14-11-2023,443
435,77.0,Сергеев Марк Алиевич,04-04-1981,Дроздова Марина Михайловна,29-03-1980,05-09-2020,444
436,413.0,Иванов Иван Макарович,27-09-1985,Бабушкина Амина Давидовна,13-02-1980,09-11-2020,447
437,492.0,Кононов Виктор Максимович,12-05-1983,Казакова Арина Александровна,11-09-1988,23-08-2022,447
438,272.0,Мельников Арсений Данилович,23-02-1984,Ермакова Анастасия Павловна,28-12-1985,25-06-2018,447
439,246.0,Муратов Вячеслав Дмитриевич,16-11-1996,Морозова Ева Данииловна,24-05-1991,17-08-2018,447
440,236.0,Поликарпов Даниил Петрович,23-03-1982,Михайлова София Алексеевна,04-12-1984,19-09-2020,448
441,89.0,Макаров Давид Артурович,29-04-1984,Иванова Алиса Тихоновна,01-02-1990,08-03-2022,449
442,191.0,Муравьев Тимур Андреевич,30-04-1995,Ершова София Максимовна,24-10-1998,06-11-2022,450
443,220.0,Муратов Вячеслав Дмитриевич,20-10-1998,Петрова Юлия Никитична,19-11-1990,07-11-2023,450
444,415.0,Фомин Лев Александрович,04-01-1991,Морозова Дарина Артёмовна,03-12-1982,11-06-2023,452
445,18.0,Жуков Андрей Петрович,11-08-1982,Пахомова Майя Никитична,15-07-1993,15-10-2023,453
446,407.0,Степанов Андрей Григорьевич,19-08-1982,Розанова Виктория Кирилловна,18-07-1980,14-08-2018,453
447,248.0,Беляков Матвей Егорович,12-12-1980,Лаврентьева Таисия Артёмовна,12-10-1994,18-09-2021,455
448,331.0,Казаков Марк Михайлович,05-01-1983,Григорьева Ксения Данииловна,13-06-1997,15-12-2022,455
449,497.0,Булгаков Иван Владимирович,23-03-1981,Семенова Анна Кирилловна,12-11-1991,04-11-2020,456
450,439.0,Лебедев Тимур Максимович,05-10-1998,Иванова Дарья Сергеевна,29-08-1985,25-12-2020,457
451,395.0,Белоусов Фёдор Даниилович,19-05-1983,Комарова Мария Михайловна,25-02-1994,22-11-2019,458
452,134.0,Миронов Фёдор Григорьевич,20-01-1986,Пирогова Агата Ивановна,18-03-1989,28-01-2022,459
453,197.0,Иванов Иван Макарович,20-01-1989,Иванова Алиса Тихоновна,11-10-1980,24-12-2023,460
454,148.0,Калачев Всеволод Леонидович,05-01-1982,Петровская Амира Тимофеевна,06-08-1999,14-09-2021,460
455,268.0,Попов Вячеслав Михайлович,17-10-1999,Кузина Полина Ильинична,06-01-1993,02-11-2018,460
456,374.0,Муравьев Тимур Андреевич,04-02-1989,Климова Александра Артемьевна,03-09-1990,01-05-2018,462
457,52.0,Буров Дмитрий Лукич ,30-03-1982,Алексеева Арина Матвеевна,12-05-1988,26-03-2022,463
458,330.0,Федоров Вячеслав Юрьевич,17-12-1992,Лебедева Мария Егоровна,10-06-1982,23-10-2020,464
459,198.0,Симонов Савва Дмитриевич,08-08-1996,Крылова Елизавета Владиславовна,11-04-1999,09-05-2019,468
460,172.0,Васильев Егор Тимофеевич,09-03-1980,Самсонова Виктория Степановна,07-05-1999,02-09-2019,471
461,113.0,Винокуров Кирилл Алиевич,12-06-1991,Нечаева Алёна Александровна,24-04-1980,05-09-2020,473
462,192.0,Корнилов Олег Вадимович,25-12-1982,Добрынина Милана Данииловна,16-03-1981,27-12-2021,473
463,431.0,Миронов Фёдор Григорьевич,22-08-1983,Баранова Дарья Владимировна,14-04-1995,04-10-2021,476
464,402.0,Власов Андрей Семёнович,07-09-1998,Козлова Мария Алексеевна,19-01-1989,10-09-2019,477
465,144.0,Гусев Богдан Александрович,26-07-1996,Назарова Алина Михайловна,03-04-1996,03-08-2023,478
466,222.0,Новиков Виктор Маркович,10-08-1986,Зайцева Вероника Саввична,01-10-1995,29-09-2020,478
467,57.0,Иванов Михаил Сергеевич,14-11-1983,Петровская Ева Егоровна,01-09-1981,21-08-2023,479
468,379.0,Беляков Матвей Егорович,24-08-1982,Куликова Мелания Платоновна,26-08-1981,22-09-2021,480
469,102.0,Сорокин Артём Даниилович,08-10-1987,Назарова Вероника Платоновна,21-09-1984,03-04-2018,481
470,19.0,Сорокин Артём Даниилович,04-01-1996,Михеева Аделина Елисеевна,28-01-1981,09-11-2020,481
471,279.0,Титов Артур Артёмович,29-12-1995,Козлова Ясмина Михайловна,21-12-1988,12-03-2022,481
472,30.0,Королев Владимир Даниилович,13-01-1991,Маркова Мария Леоновна,10-12-1994,04-08-2021,482
473,483.0,Муратов Вячеслав Дмитриевич,18-08-1991,Михайлова София Алексеевна,13-12-1986,03-01-2021,482
474,239.0,Сергеев Марк Алиевич,02-06-1983,Григорьева Алиса Марковна,17-10-1988,02-09-2023,482
475,345.0,Елисеев Денис Никитич,15-10-1999,Зайцева Ксения Артемьевна,26-03-1980,19-04-2020,483
476,295.0,Князев Марк Вадимович,05-03-1992,Кузьмина Айлин Степановна,29-07-1991,25-12-2020,484
477,72.0,Буров Дмитрий Лукич ,23-11-1992,Мартынова Полина Ивановна,01-01-1984,01-07-2019,485
478,9.0,Левин Артемий Степанович,20-09-1995,Андреева Варвара Арсентьевна,28-10-1998,05-02-2019,485
479,390.0,Смирнов Матвей Максимович,13-02-1992,Семенова Анна Кирилловна,04-05-1987,16-07-2023,486
480,33.0,Титов Артур Артёмович,09-10-1985,Зайцева Вероника Саввична,07-07-1984,21-04-2019,486
481,417.0,Пименов Демид Валерьевич,07-10-1994,Розанова Виктория Кирилловна,04-11-1983,02-06-2022,487
482,280.0,Титов Артур Артёмович,11-06-1987,Седова София Игоревна,14-06-1990,20-11-2019,487
483,287.0,Хромов Кирилл Александрович,22-12-1993,Макарова София Тимофеевна,10-10-1995,28-09-2020,487
484,420.0,Колесов Адам Петрович,23-05-1980,Лобанова Полина Андреевна,13-08-1988,23-12-2018,488
485,484.0,Осипов Дмитрий Платонович,29-05-1984,Казакова Арина Александровна,22-01-1986,12-02-2022,488
486,85.0,Калачев Всеволод Леонидович,28-08-1987,Петрова Юлия Никитична,15-09-1986,27-07-2020,490
487,409.0,Ефремов Дмитрий Всеволодович,14-05-1981,Трофимова Ангелина Матвеевна,10-04-1992,26-08-2021,491
488,253.0,Константинов Артемий Викторович,04-01-1995,Комарова Мария Михайловна,11-01-1988,22-02-2018,491
489,425.0,Молчанов Иван Максимович,02-03-1996,Кудряшова Полина Алиевна,21-07-1991,25-07-2020,492
490,71.0,Хромов Кирилл Александрович,14-05-1991,Смирнова Ясмина Ивановна,04-05-1988,28-11-2022,494
491,154.0,Пантелеев Максим Алексеевич,26-09-1999,Петрова Аделина Данииловна,29-06-1991,19-06-2022,495
492,158.0,Константинов Артемий Викторович,29-01-1999,Хромова Варвара Леоновна,21-09-1980,16-12-2022,496
493,195.0,Новиков Виктор Маркович,02-03-1981,Алексеева Ульяна Тимофеевна,29-11-1984,23-02-2018,496
494,66.0,Князев Марк Вадимович,14-06-1984,Лобанова Полина Андреевна,12-10-1989,25-02-2020,498
495,70.0,Королев Владимир Даниилович,28-03-1992,Головина Анисия Михайловна,28-02-1988,14-08-2019,498
496,284.0,Овчинников Владимир Алексеевич,21-06-1986,Суворова Стефания Артёмовна,05-11-1987,16-06-2021,498
497,435.0,Белов Евгений Артёмович,13-10-1996,Тихомирова Ксения Львовна,09-11-1988,16-05-2021,499
498,45.0,Волков Герман Степанович,25-07-1999,Князева Валерия Ивановна,12-05-1998,29-07-2022,500
499,496.0,Новиков Виктор Маркович,06-01-1982,Иванова Анна Григорьевна,25-10-1990,26-02-2019,500
